MAP,Recall@1,Recall@10,Recall@30,eligible_MAP,eligible_Recall@1,eligible_Recall@10,eligible_Recall@30,level,model,n_eligible_queries,n_queries,runtime_s,scoring
0.3563296538149993,0.6483914816492977,0.7988219302220209,0.8631626642501132,0.3716538497021283,0.6762759924385633,0.8331758034026465,0.9002835538752363,fold,esm2_late@0,2116,2207,12.59,maxsim
0.4040793992285168,0.6221114635251472,0.7516991391028546,0.8060715903942003,0.44148674955313694,0.6797029702970298,0.8212871287128712,0.8806930693069307,superfamily,esm2_late@0,2020,2207,12.59,maxsim
0.40266343673104327,0.43497961033076576,0.5949252378794744,0.640688717716357,0.5249132928915609,0.5670407560543415,0.7755463673951565,0.835203780271707,family,esm2_late@0,1693,2207,12.59,maxsim
0.504667284695474,0.8251019483461712,0.8971454463072044,0.9229723606705935,0.5263708399446649,0.860586011342155,0.9357277882797732,0.9626654064272212,fold,esm2_late@250,2116,2207,11.07,maxsim
0.5368363922974595,0.7702763932940644,0.8463978251019484,0.8763026733121885,0.5865336226735113,0.8415841584158416,0.9247524752475248,0.9574257425742574,superfamily,esm2_late@250,2020,2207,11.07,maxsim
0.4783780790075656,0.5274127775260534,0.6805618486633439,0.7190756683280471,0.6236151331185454,0.6875369167158889,0.887182516243355,0.9373892498523332,family,esm2_late@250,1693,2207,11.07,maxsim
0.5575367066533159,0.8482102401449932,0.9120978704123244,0.9347530584503851,0.5815139468732836,0.8846880907372401,0.9513232514177694,0.974952741020794,fold,esm2_late@500,2116,2207,11.06,maxsim
0.586297533953496,0.7997281377435432,0.869053013140009,0.8871771635704576,0.640573592789785,0.8737623762376238,0.9495049504950495,0.9693069306930693,superfamily,esm2_late@500,2020,2207,11.06,maxsim
0.5109262096113644,0.5536927956502039,0.7063887630267331,0.7362936112369732,0.6660449761442888,0.7217956290608387,0.9208505611340815,0.9598346131128175,family,esm2_late@500,1693,2207,11.06,maxsim
0.568381935132266,0.8513819664703217,0.9179882193022202,0.9361123697326688,0.5928255816809598,0.8879962192816635,0.9574669187145558,0.9763705103969754,fold,esm2_late@750,2116,2207,11.07,maxsim
0.6016400686352265,0.8069777979157227,0.8726778432260988,0.8917082011780698,0.6573364512267054,0.8816831683168317,0.9534653465346534,0.9742574257425742,superfamily,esm2_late@750,2020,2207,11.07,maxsim
0.5241906025949816,0.5568645219755324,0.712279111916629,0.7408246488445854,0.6833364795789276,0.7259303012404017,0.928529238038984,0.9657412876550502,family,esm2_late@750,1693,2207,11.07,maxsim
0.5708149215385244,0.8577254191209787,0.9202537381060263,0.9374716810149524,0.5953632003003417,0.8946124763705104,0.9598298676748582,0.9777882797731569,fold,esm2_late@1000,2116,2207,11.06,maxsim
0.6059164191652565,0.8133212505663797,0.8763026733121885,0.892161304938831,0.662008681731545,0.8886138613861386,0.9574257425742574,0.9747524752475247,superfamily,esm2_late@1000,2020,2207,11.06,maxsim
0.5295604829094747,0.5641141821477118,0.7213411871318532,0.7417308563661078,0.6903366720503311,0.735380980507974,0.9403425871234495,0.9669226225634967,family,esm2_late@1000,1693,2207,11.06,maxsim
0.5706923586547004,0.8622564567285909,0.9193475305845038,0.9392840960579972,0.5952353665174498,0.8993383742911153,0.9588846880907372,0.9796786389413988,fold,esm2_late@1250,2116,2207,11.07,maxsim
0.608802981357665,0.818305391934753,0.8753964657906661,0.8939737199818758,0.665162465275429,0.8940594059405941,0.9564356435643564,0.9767326732673267,superfamily,esm2_late@1250,2020,2207,11.07,maxsim
0.5316300783047723,0.5677390122338015,0.7199818758495695,0.7426370638876303,0.6930346029643428,0.7401063201417601,0.9385705847607797,0.9681039574719433,family,esm2_late@1250,1693,2207,11.07,maxsim
0.5767587911876414,0.8649750792931581,0.919800634345265,0.9379247847757136,0.6015626900525163,0.9021739130434783,0.9593572778827977,0.9782608695652174,fold,esm2_late@1500,2116,2207,11.08,maxsim
0.614744993741807,0.8219302220208428,0.8763026733121885,0.8939737199818758,0.6716545550436477,0.898019801980198,0.9574257425742574,0.9767326732673267,superfamily,esm2_late@1500,2020,2207,11.08,maxsim
0.53511341662929,0.5704576347983689,0.7199818758495695,0.7439963751699139,0.697575493503156,0.7436503248670998,0.9385705847607797,0.9698759598346132,family,esm2_late@1500,1693,2207,11.08,maxsim
0.5749996232794633,0.8636157680108745,0.9211599456275487,0.9379247847757136,0.599727867947909,0.9007561436672968,0.9607750472589792,0.9782608695652174,fold,esm2_late@1750,2116,2207,11.06,maxsim
0.6132761668996609,0.8196647032170367,0.8781150883552333,0.8939737199818758,0.6700497526473028,0.8955445544554456,0.9594059405940594,0.9767326732673267,superfamily,esm2_late@1750,2020,2207,11.06,maxsim
0.535473201205457,0.5690983235160851,0.7227004984141369,0.7439963751699139,0.6980445097817152,0.74187832250443,0.9421145894861194,0.9698759598346132,family,esm2_late@1750,1693,2207,11.06,maxsim
0.5752687910448946,0.8640688717716357,0.9211599456275487,0.9370185772541912,0.6000086114537251,0.9012287334593573,0.9607750472589792,0.9773156899810964,fold,esm2_late@2000,2116,2207,11.07,maxsim
0.6136724634093476,0.8196647032170367,0.8781150883552333,0.8935206162211147,0.6704827360120941,0.8955445544554456,0.9594059405940594,0.9762376237623762,superfamily,esm2_late@2000,2020,2207,11.07,maxsim
0.5354584938916926,0.5690983235160851,0.7227004984141369,0.7439963751699139,0.6980253372823185,0.74187832250443,0.9421145894861194,0.9698759598346132,family,esm2_late@2000,1693,2207,11.07,maxsim
0.497451024318363,0.8382419574082465,0.911191662890802,0.9297689170820118,0.5188442394473664,0.8742911153119093,0.9503780718336484,0.9697542533081286,fold,protsent_late@0,2116,2207,12.62,maxsim
0.5542726254532938,0.7766198459447213,0.8676937018577254,0.8871771635704576,0.6055840021660492,0.8485148514851485,0.948019801980198,0.9693069306930693,superfamily,protsent_late@0,2020,2207,12.62,maxsim
0.4936910355971464,0.5337562301767105,0.7000453103760761,0.7367467149977345,0.6435771503620212,0.6958062610750148,0.9125812167749557,0.9604252805670408,family,protsent_late@0,1693,2207,12.62,maxsim
0.5113805440542543,0.8418667874943362,0.9125509741730856,0.9342999546896239,0.533372807527287,0.8780718336483931,0.9517958412098299,0.9744801512287334,fold,protsent_late@250,2116,2207,11.07,maxsim
0.5607602046544409,0.7811508835523335,0.8663343905754418,0.8871771635704576,0.6126721641942333,0.8534653465346534,0.9465346534653465,0.9693069306930693,superfamily,protsent_late@250,2020,2207,11.07,maxsim
0.49890955139969045,0.5333031264159492,0.7027639329406434,0.7371998187584957,0.6503800235907363,0.6952155936207915,0.9161252215002953,0.961015948021264,family,protsent_late@250,1693,2207,11.07,maxsim
0.5546042907331715,0.8491164476665156,0.9170820117806978,0.9361123697326688,0.5784554204386151,0.8856332703213611,0.9565217391304348,0.9763705103969754,fold,protsent_late@500,2116,2207,11.06,maxsim
0.5932245965059203,0.7915722700498414,0.8704123244222927,0.8894426823742637,0.6481419230141416,0.8648514851485148,0.950990099009901,0.9717821782178218,superfamily,protsent_late@500,2020,2207,11.06,maxsim
0.5105647684644689,0.543271409152696,0.7086542818305392,0.7358405074762121,0.6655738003550401,0.7082102776137035,0.9238038984051978,0.9592439456585942,family,protsent_late@500,1693,2207,11.06,maxsim
0.5674426741207916,0.8554599003171727,0.919800634345265,0.9410965111010421,0.5918459271193702,0.8922495274102079,0.9593572778827977,0.9815689981096408,fold,protsent_late@750,2116,2207,11.24,maxsim
0.6051060154678357,0.7992750339827821,0.8735840507476212,0.894426823742637,0.6611232555136205,0.8732673267326733,0.9544554455445544,0.9772277227722772,superfamily,protsent_late@750,2020,2207,11.24,maxsim
0.5174291758600174,0.549614861803353,0.7140915269596738,0.7412777526053467,0.6745222629197036,0.7164796219728293,0.9308919078558772,0.9663319551092735,family,protsent_late@750,1693,2207,11.24,maxsim
0.5713115271700291,0.860444041685546,0.9216130493883099,0.9401903035795197,0.5958811627902902,0.8974480151228733,0.9612476370510397,0.9806238185255198,fold,protsent_late@1000,2116,2207,11.07,maxsim
0.6094303472308598,0.8019936565473493,0.8767557770729497,0.8939737199818758,0.665847909078469,0.8762376237623762,0.9579207920792079,0.9767326732673267,superfamily,protsent_late@1000,2020,2207,11.07,maxsim
0.5195837294623926,0.5509741730856366,0.7172632532850023,0.742183960126869,0.6773309456134085,0.7182516243354992,0.93502658003544,0.96751329001772,family,protsent_late@1000,1693,2207,11.07,maxsim
0.5744614778493944,0.8586316266425011,0.9225192569098324,0.9401903035795197,0.5991665792124827,0.8955576559546313,0.9621928166351607,0.9806238185255198,fold,protsent_late@1250,2116,2207,11.06,maxsim
0.6117898279288513,0.8024467603081106,0.877208880833711,0.8939737199818758,0.6684258169499876,0.8767326732673267,0.9584158415841584,0.9767326732673267,superfamily,protsent_late@1250,2020,2207,11.06,maxsim
0.5202598098424148,0.5482555505210693,0.7181694608065247,0.7435432714091527,0.6782122860733665,0.7147076196101595,0.9362079149438866,0.9692852923803899,family,protsent_late@1250,1693,2207,11.06,maxsim
0.5774705465238489,0.8608971454463072,0.9220661531490711,0.9415496148618033,0.6023050549046004,0.8979206049149339,0.9617202268431002,0.9820415879017014,fold,protsent_late@1500,2116,2207,11.22,maxsim
0.6149909459191519,0.8038060715903942,0.877208880833711,0.8948799275033983,0.6719232760611723,0.8782178217821782,0.9584158415841584,0.9777227722772277,superfamily,protsent_late@1500,2020,2207,11.22,maxsim
0.5211652696179612,0.5482555505210693,0.7181694608065247,0.7453556864521975,0.6793926462178618,0.7147076196101595,0.9362079149438866,0.9716479621972829,family,protsent_late@1500,1693,2207,11.22,maxsim
0.5770922713727236,0.8608971454463072,0.9216130493883099,0.9415496148618033,0.601910511776749,0.8979206049149339,0.9612476370510397,0.9820415879017014,fold,protsent_late@1750,2116,2207,11.06,maxsim
0.6151198137439127,0.8047122791119167,0.8776619845944721,0.8948799275033983,0.6720640737291166,0.8792079207920792,0.9589108910891089,0.9777227722772277,superfamily,protsent_late@1750,2020,2207,11.06,maxsim
0.5219275320958904,0.5500679655641142,0.7177163570457635,0.7453556864521975,0.6803863339253574,0.7170702894270525,0.9356172474896634,0.9716479621972829,family,protsent_late@1750,1693,2207,11.06,maxsim
0.5771222232914641,0.8608971454463072,0.9216130493883099,0.9415496148618033,0.6019417517978553,0.8979206049149339,0.9612476370510397,0.9820415879017014,fold,protsent_late@2000,2116,2207,11.08,maxsim
0.6151857787947457,0.8051653828726778,0.8776619845944721,0.8948799275033983,0.6721361454455463,0.8797029702970297,0.9589108910891089,0.9777227722772277,superfamily,protsent_late@2000,2020,2207,11.08,maxsim
0.5219766723348929,0.5514272768463978,0.7177163570457635,0.7453556864521975,0.6804503932918535,0.7188422917897224,0.9356172474896634,0.9716479621972829,family,protsent_late@2000,1693,2207,11.08,maxsim
