arm,level,max_identity_below,n_eligible_queries,R@1,R@1_ci95,R@10,R@10_ci95,MAP,MAP_ci95
esm2_dense,family,0.4,164,0.4634,"[0.3841, 0.5427]",0.7378,"[0.6707, 0.8049]",0.3334,"[0.2881, 0.3817]"
esm2_dense,family,0.5,287,0.5052,"[0.4460, 0.5610]",0.7561,"[0.7038, 0.8049]",0.3784,"[0.3404, 0.4160]"
esm2_dense,family,0.7,479,0.4843,"[0.4405, 0.5282]",0.7432,"[0.7035, 0.7829]",0.3836,"[0.3527, 0.4146]"
esm2_dense,family,1.01,1693,0.4991,"[0.4755, 0.5227]",0.7602,"[0.7395, 0.7803]",0.4214,"[0.4048, 0.4383]"
esm2_late,family,0.4,164,0.7012,"[0.6280, 0.7683]",0.939,"[0.9024, 0.9695]",0.6756,"[0.6259, 0.7241]"
esm2_late,family,0.5,287,0.7108,"[0.6585, 0.7631]",0.9373,"[0.9094, 0.9652]",0.686,"[0.6488, 0.7229]"
esm2_late,family,0.7,479,0.7244,"[0.6827, 0.7641]",0.9311,"[0.9061, 0.9520]",0.6859,"[0.6567, 0.7148]"
esm2_late,family,1.01,1693,0.7419,"[0.7206, 0.7626]",0.9421,"[0.9303, 0.9527]",0.698,"[0.6828, 0.7127]"
esm2_late@0,family,0.4,164,0.5,"[0.4207, 0.5793]",0.7866,"[0.7256, 0.8476]",0.4416,"[0.3865, 0.4964]"
esm2_late@0,family,0.5,287,0.5645,"[0.5087, 0.6202]",0.8049,"[0.7561, 0.8502]",0.5029,"[0.4599, 0.5451]"
esm2_late@0,family,0.7,479,0.5574,"[0.5115, 0.6013]",0.7933,"[0.7578, 0.8288]",0.5141,"[0.4802, 0.5484]"
esm2_late@0,family,1.01,1693,0.567,"[0.5428, 0.5901]",0.7755,"[0.7555, 0.7950]",0.5249,"[0.5060, 0.5433]"
esm2_late@1000,family,0.4,164,0.6707,"[0.5976, 0.7439]",0.9329,"[0.8902, 0.9695]",0.6576,"[0.6078, 0.7060]"
esm2_late@1000,family,0.5,287,0.6864,"[0.6341, 0.7387]",0.9338,"[0.9024, 0.9617]",0.669,"[0.6315, 0.7064]"
esm2_late@1000,family,0.7,479,0.714,"[0.6722, 0.7537]",0.929,"[0.9040, 0.9520]",0.6722,"[0.6422, 0.7012]"
esm2_late@1000,family,1.01,1693,0.7354,"[0.7141, 0.7561]",0.9403,"[0.9285, 0.9516]",0.6903,"[0.6750, 0.7053]"
esm2_late@1250,family,0.4,164,0.6829,"[0.6098, 0.7561]",0.9329,"[0.8902, 0.9695]",0.6658,"[0.6164, 0.7139]"
esm2_late@1250,family,0.5,287,0.6969,"[0.6446, 0.7491]",0.9338,"[0.9024, 0.9617]",0.6769,"[0.6394, 0.7133]"
esm2_late@1250,family,0.7,479,0.7182,"[0.6764, 0.7578]",0.929,"[0.9040, 0.9520]",0.6799,"[0.6504, 0.7085]"
esm2_late@1250,family,1.01,1693,0.7401,"[0.7188, 0.7608]",0.9386,"[0.9268, 0.9498]",0.693,"[0.6777, 0.7080]"
esm2_late@1500,family,0.4,164,0.7012,"[0.6280, 0.7683]",0.939,"[0.9024, 0.9695]",0.6731,"[0.6234, 0.7214]"
esm2_late@1500,family,0.5,287,0.7108,"[0.6585, 0.7631]",0.9373,"[0.9094, 0.9652]",0.684,"[0.6467, 0.7208]"
esm2_late@1500,family,0.7,479,0.7286,"[0.6868, 0.7683]",0.929,"[0.9040, 0.9520]",0.6858,"[0.6563, 0.7144]"
esm2_late@1500,family,1.01,1693,0.7437,"[0.7224, 0.7643]",0.9386,"[0.9268, 0.9498]",0.6976,"[0.6823, 0.7124]"
esm2_late@1750,family,0.4,164,0.7012,"[0.6280, 0.7683]",0.939,"[0.9024, 0.9695]",0.6756,"[0.6258, 0.7240]"
esm2_late@1750,family,0.5,287,0.7108,"[0.6585, 0.7631]",0.9373,"[0.9094, 0.9652]",0.6859,"[0.6488, 0.7229]"
esm2_late@1750,family,0.7,479,0.7244,"[0.6827, 0.7641]",0.9311,"[0.9061, 0.9520]",0.6862,"[0.6569, 0.7152]"
esm2_late@1750,family,1.01,1693,0.7419,"[0.7206, 0.7626]",0.9421,"[0.9303, 0.9527]",0.698,"[0.6827, 0.7128]"
esm2_late@2000,family,0.4,164,0.7012,"[0.6280, 0.7683]",0.939,"[0.9024, 0.9695]",0.6756,"[0.6259, 0.7241]"
esm2_late@2000,family,0.5,287,0.7108,"[0.6585, 0.7631]",0.9373,"[0.9094, 0.9652]",0.686,"[0.6488, 0.7229]"
esm2_late@2000,family,0.7,479,0.7244,"[0.6827, 0.7641]",0.9311,"[0.9061, 0.9520]",0.6859,"[0.6567, 0.7148]"
esm2_late@2000,family,1.01,1693,0.7419,"[0.7206, 0.7626]",0.9421,"[0.9303, 0.9527]",0.698,"[0.6828, 0.7127]"
esm2_late@250,family,0.4,164,0.6402,"[0.5671, 0.7134]",0.878,"[0.8293, 0.9268]",0.5589,"[0.5042, 0.6122]"
esm2_late@250,family,0.5,287,0.6655,"[0.6098, 0.7213]",0.9024,"[0.8676, 0.9338]",0.5925,"[0.5524, 0.6327]"
esm2_late@250,family,0.7,479,0.6576,"[0.6138, 0.6994]",0.8956,"[0.8685, 0.9228]",0.5948,"[0.5629, 0.6259]"
esm2_late@250,family,1.01,1693,0.6875,"[0.6651, 0.7094]",0.8872,"[0.8718, 0.9019]",0.6236,"[0.6065, 0.6404]"
esm2_late@500,family,0.4,164,0.6646,"[0.5915, 0.7378]",0.9207,"[0.8780, 0.9573]",0.6151,"[0.5635, 0.6656]"
esm2_late@500,family,0.5,287,0.669,"[0.6132, 0.7247]",0.9199,"[0.8850, 0.9477]",0.6343,"[0.5957, 0.6725]"
esm2_late@500,family,0.7,479,0.7015,"[0.6597, 0.7432]",0.9186,"[0.8935, 0.9415]",0.6457,"[0.6147, 0.6759]"
esm2_late@500,family,1.01,1693,0.7218,"[0.7005, 0.7431]",0.9209,"[0.9073, 0.9333]",0.666,"[0.6500, 0.6817]"
esm2_late@750,family,0.4,164,0.6524,"[0.5793, 0.7256]",0.9268,"[0.8841, 0.9634]",0.6422,"[0.5918, 0.6909]"
esm2_late@750,family,0.5,287,0.669,"[0.6167, 0.7213]",0.9268,"[0.8955, 0.9547]",0.6576,"[0.6198, 0.6948]"
esm2_late@750,family,0.7,479,0.6994,"[0.6576, 0.7390]",0.9248,"[0.8998, 0.9478]",0.6645,"[0.6343, 0.6940]"
esm2_late@750,family,1.01,1693,0.7259,"[0.7041, 0.7466]",0.9285,"[0.9155, 0.9403]",0.6833,"[0.6677, 0.6988]"
esm2_late@final,family,0.4,164,0.7012,"[0.6280, 0.7683]",0.939,"[0.9024, 0.9695]",0.6756,"[0.6259, 0.7241]"
esm2_late@final,family,0.5,287,0.7108,"[0.6585, 0.7631]",0.9373,"[0.9094, 0.9652]",0.686,"[0.6488, 0.7229]"
esm2_late@final,family,0.7,479,0.7244,"[0.6827, 0.7641]",0.9311,"[0.9061, 0.9520]",0.6859,"[0.6567, 0.7148]"
esm2_late@final,family,1.01,1693,0.7419,"[0.7206, 0.7626]",0.9421,"[0.9303, 0.9527]",0.698,"[0.6828, 0.7127]"
esm2_zeroshot,family,0.4,164,0.5488,"[0.4756, 0.6280]",0.8293,"[0.7683, 0.8841]",0.4689,"[0.4145, 0.5230]"
esm2_zeroshot,family,0.5,287,0.5923,"[0.5366, 0.6481]",0.8362,"[0.7909, 0.8780]",0.5192,"[0.4761, 0.5615]"
esm2_zeroshot,family,0.7,479,0.5804,"[0.5344, 0.6242]",0.8267,"[0.7933, 0.8601]",0.528,"[0.4937, 0.5625]"
esm2_zeroshot,family,1.01,1693,0.6013,"[0.5777, 0.6237]",0.8045,"[0.7856, 0.8234]",0.5454,"[0.5269, 0.5638]"
protsent_late,family,0.4,164,0.6646,"[0.5915, 0.7378]",0.9146,"[0.8659, 0.9573]",0.6554,"[0.6036, 0.7054]"
protsent_late,family,0.5,287,0.6655,"[0.6098, 0.7178]",0.9303,"[0.8990, 0.9582]",0.6639,"[0.6261, 0.7012]"
protsent_late,family,0.7,479,0.6889,"[0.6472, 0.7307]",0.9269,"[0.9019, 0.9499]",0.6694,"[0.6402, 0.6988]"
protsent_late,family,1.01,1693,0.7188,"[0.6970, 0.7407]",0.9356,"[0.9238, 0.9468]",0.6805,"[0.6652, 0.6956]"
protsent_late@0,family,0.4,164,0.6463,"[0.5732, 0.7195]",0.8963,"[0.8476, 0.9390]",0.6107,"[0.5581, 0.6627]"
protsent_late@0,family,0.5,287,0.6551,"[0.5993, 0.7073]",0.9094,"[0.8746, 0.9408]",0.6347,"[0.5956, 0.6727]"
protsent_late@0,family,0.7,479,0.6785,"[0.6367, 0.7203]",0.9207,"[0.8956, 0.9436]",0.6508,"[0.6212, 0.6803]"
protsent_late@0,family,1.01,1693,0.6958,"[0.6734, 0.7183]",0.9126,"[0.8984, 0.9256]",0.6436,"[0.6277, 0.6595]"
protsent_late@1000,family,0.4,164,0.6707,"[0.5976, 0.7439]",0.9146,"[0.8720, 0.9573]",0.6528,"[0.6009, 0.7029]"
protsent_late@1000,family,0.5,287,0.6655,"[0.6098, 0.7178]",0.9268,"[0.8955, 0.9547]",0.6611,"[0.6233, 0.6986]"
protsent_late@1000,family,0.7,479,0.6889,"[0.6472, 0.7307]",0.9269,"[0.9019, 0.9499]",0.6678,"[0.6385, 0.6971]"
protsent_late@1000,family,1.01,1693,0.7183,"[0.6964, 0.7395]",0.935,"[0.9226, 0.9462]",0.6773,"[0.6621, 0.6924]"
protsent_late@1250,family,0.4,164,0.6524,"[0.5793, 0.7256]",0.9146,"[0.8720, 0.9573]",0.6513,"[0.5992, 0.7020]"
protsent_late@1250,family,0.5,287,0.6551,"[0.5993, 0.7108]",0.9303,"[0.8990, 0.9582]",0.6612,"[0.6231, 0.6986]"
protsent_late@1250,family,0.7,479,0.6806,"[0.6388, 0.7244]",0.929,"[0.9061, 0.9520]",0.6671,"[0.6377, 0.6964]"
protsent_late@1250,family,1.01,1693,0.7147,"[0.6929, 0.7360]",0.9362,"[0.9244, 0.9474]",0.6782,"[0.6629, 0.6933]"
protsent_late@1500,family,0.4,164,0.6585,"[0.5854, 0.7317]",0.9146,"[0.8659, 0.9573]",0.6526,"[0.6009, 0.7026]"
protsent_late@1500,family,0.5,287,0.662,"[0.6063, 0.7143]",0.9303,"[0.8990, 0.9582]",0.662,"[0.6241, 0.6993]"
protsent_late@1500,family,0.7,479,0.6868,"[0.6430, 0.7286]",0.929,"[0.9061, 0.9520]",0.6684,"[0.6391, 0.6978]"
protsent_late@1500,family,1.01,1693,0.7147,"[0.6929, 0.7366]",0.9362,"[0.9244, 0.9474]",0.6794,"[0.6642, 0.6946]"
protsent_late@1750,family,0.4,164,0.6707,"[0.5976, 0.7439]",0.9146,"[0.8659, 0.9573]",0.6588,"[0.6068, 0.7088]"
protsent_late@1750,family,0.5,287,0.669,"[0.6132, 0.7213]",0.9303,"[0.8990, 0.9582]",0.666,"[0.6280, 0.7032]"
protsent_late@1750,family,0.7,479,0.6889,"[0.6472, 0.7307]",0.9269,"[0.9019, 0.9499]",0.6704,"[0.6412, 0.6997]"
protsent_late@1750,family,1.01,1693,0.7171,"[0.6952, 0.7389]",0.9356,"[0.9238, 0.9468]",0.6804,"[0.6652, 0.6956]"
protsent_late@2000,family,0.4,164,0.6646,"[0.5915, 0.7378]",0.9146,"[0.8659, 0.9573]",0.6554,"[0.6036, 0.7054]"
protsent_late@2000,family,0.5,287,0.6655,"[0.6098, 0.7178]",0.9303,"[0.8990, 0.9582]",0.6639,"[0.6261, 0.7012]"
protsent_late@2000,family,0.7,479,0.6889,"[0.6472, 0.7307]",0.9269,"[0.9019, 0.9499]",0.6694,"[0.6402, 0.6988]"
protsent_late@2000,family,1.01,1693,0.7188,"[0.6970, 0.7407]",0.9356,"[0.9238, 0.9468]",0.6805,"[0.6652, 0.6956]"
protsent_late@250,family,0.4,164,0.628,"[0.5549, 0.7012]",0.8841,"[0.8354, 0.9329]",0.6307,"[0.5788, 0.6826]"
protsent_late@250,family,0.5,287,0.6341,"[0.5784, 0.6899]",0.9024,"[0.8676, 0.9338]",0.6428,"[0.6035, 0.6806]"
protsent_late@250,family,0.7,479,0.6681,"[0.6263, 0.7098]",0.9081,"[0.8810, 0.9332]",0.651,"[0.6214, 0.6805]"
protsent_late@250,family,1.01,1693,0.6952,"[0.6728, 0.7171]",0.9161,"[0.9025, 0.9291]",0.6504,"[0.6344, 0.6659]"
protsent_late@500,family,0.4,164,0.6402,"[0.5671, 0.7134]",0.8963,"[0.8476, 0.9390]",0.6389,"[0.5865, 0.6896]"
protsent_late@500,family,0.5,287,0.6551,"[0.5993, 0.7108]",0.9164,"[0.8815, 0.9477]",0.6518,"[0.6134, 0.6889]"
protsent_late@500,family,0.7,479,0.6743,"[0.6326, 0.7161]",0.9165,"[0.8914, 0.9415]",0.6569,"[0.6275, 0.6860]"
protsent_late@500,family,1.01,1693,0.7082,"[0.6864, 0.7295]",0.9238,"[0.9108, 0.9362]",0.6656,"[0.6502, 0.6807]"
protsent_late@750,family,0.4,164,0.6646,"[0.5915, 0.7378]",0.9146,"[0.8659, 0.9573]",0.6443,"[0.5925, 0.6948]"
protsent_late@750,family,0.5,287,0.669,"[0.6132, 0.7213]",0.9268,"[0.8955, 0.9547]",0.6584,"[0.6201, 0.6958]"
protsent_late@750,family,0.7,479,0.691,"[0.6493, 0.7328]",0.9269,"[0.9019, 0.9499]",0.6648,"[0.6351, 0.6943]"
protsent_late@750,family,1.01,1693,0.7165,"[0.6946, 0.7383]",0.9309,"[0.9185, 0.9427]",0.6745,"[0.6593, 0.6897]"
protsent_late@final,family,0.4,164,0.6646,"[0.5915, 0.7378]",0.9146,"[0.8659, 0.9573]",0.6554,"[0.6036, 0.7054]"
protsent_late@final,family,0.5,287,0.6655,"[0.6098, 0.7178]",0.9303,"[0.8990, 0.9582]",0.6639,"[0.6261, 0.7012]"
protsent_late@final,family,0.7,479,0.6889,"[0.6472, 0.7307]",0.9269,"[0.9019, 0.9499]",0.6694,"[0.6402, 0.6988]"
protsent_late@final,family,1.01,1693,0.7188,"[0.6970, 0.7407]",0.9356,"[0.9238, 0.9468]",0.6805,"[0.6652, 0.6956]"
protsent_v2_dense,family,0.4,164,0.6463,"[0.5732, 0.7195]",0.8902,"[0.8415, 0.9390]",0.6193,"[0.5663, 0.6710]"
protsent_v2_dense,family,0.5,287,0.662,"[0.6063, 0.7143]",0.9094,"[0.8746, 0.9408]",0.636,"[0.5973, 0.6739]"
protsent_v2_dense,family,0.7,479,0.6701,"[0.6263, 0.7119]",0.9144,"[0.8894, 0.9395]",0.6424,"[0.6123, 0.6716]"
protsent_v2_dense,family,1.01,1693,0.6852,"[0.6627, 0.7070]",0.9238,"[0.9108, 0.9362]",0.6461,"[0.6304, 0.6612]"
protsent_v2_zeroshot,family,0.4,164,0.6951,"[0.6220, 0.7683]",0.9268,"[0.8841, 0.9634]",0.6634,"[0.6111, 0.7142]"
protsent_v2_zeroshot,family,0.5,287,0.7003,"[0.6481, 0.7526]",0.9373,"[0.9094, 0.9652]",0.6758,"[0.6378, 0.7125]"
protsent_v2_zeroshot,family,0.7,479,0.7119,"[0.6701, 0.7516]",0.9353,"[0.9123, 0.9562]",0.6832,"[0.6539, 0.7122]"
protsent_v2_zeroshot,family,1.01,1693,0.7259,"[0.7041, 0.7472]",0.9321,"[0.9197, 0.9439]",0.6841,"[0.6686, 0.6991]"
esm2_dense,superfamily,0.4,215,0.7209,"[0.6605, 0.7814]",0.8651,"[0.8186, 0.9116]",0.3761,"[0.3363, 0.4167]"
esm2_dense,superfamily,0.5,369,0.71,"[0.6640, 0.7561]",0.8509,"[0.8157, 0.8862]",0.3788,"[0.3501, 0.4095]"
esm2_dense,superfamily,0.7,601,0.6972,"[0.6606, 0.7338]",0.8419,"[0.8120, 0.8702]",0.3767,"[0.3529, 0.4009]"
esm2_dense,superfamily,1.01,2020,0.6975,"[0.6772, 0.7173]",0.8446,"[0.8287, 0.8604]",0.3981,"[0.3842, 0.4119]"
esm2_late,superfamily,0.4,215,0.8744,"[0.8279, 0.9163]",0.9488,"[0.9163, 0.9767]",0.6825,"[0.6407, 0.7226]"
esm2_late,superfamily,0.5,369,0.8808,"[0.8482, 0.9133]",0.9512,"[0.9295, 0.9702]",0.6719,"[0.6404, 0.7032]"
esm2_late,superfamily,0.7,601,0.8835,"[0.8569, 0.9085]",0.9484,"[0.9301, 0.9651]",0.6571,"[0.6324, 0.6811]"
esm2_late,superfamily,1.01,2020,0.8955,"[0.8822, 0.9084]",0.9594,"[0.9505, 0.9678]",0.6705,"[0.6572, 0.6833]"
esm2_late@0,superfamily,0.4,215,0.6651,"[0.6000, 0.7302]",0.8558,"[0.8093, 0.9023]",0.4091,"[0.3662, 0.4522]"
esm2_late@0,superfamily,0.5,369,0.6965,"[0.6477, 0.7425]",0.8482,"[0.8103, 0.8835]",0.4205,"[0.3887, 0.4534]"
esm2_late@0,superfamily,0.7,601,0.6922,"[0.6556, 0.7288]",0.8453,"[0.8153, 0.8735]",0.4269,"[0.4007, 0.4531]"
esm2_late@0,superfamily,1.01,2020,0.6797,"[0.6594, 0.7000]",0.8213,"[0.8040, 0.8376]",0.4415,"[0.4260, 0.4566]"
esm2_late@1000,superfamily,0.4,215,0.8651,"[0.8186, 0.9070]",0.9488,"[0.9163, 0.9767]",0.6723,"[0.6308, 0.7126]"
esm2_late@1000,superfamily,0.5,369,0.8753,"[0.8401, 0.9079]",0.9485,"[0.9241, 0.9702]",0.6608,"[0.6292, 0.6921]"
esm2_late@1000,superfamily,0.7,601,0.8785,"[0.8519, 0.9035]",0.9468,"[0.9285, 0.9634]",0.646,"[0.6212, 0.6701]"
esm2_late@1000,superfamily,1.01,2020,0.8886,"[0.8752, 0.9020]",0.9574,"[0.9485, 0.9663]",0.662,"[0.6488, 0.6750]"
esm2_late@1250,superfamily,0.4,215,0.8791,"[0.8326, 0.9209]",0.9488,"[0.9163, 0.9767]",0.6766,"[0.6352, 0.7169]"
esm2_late@1250,superfamily,0.5,369,0.8835,"[0.8509, 0.9160]",0.9485,"[0.9241, 0.9702]",0.6659,"[0.6343, 0.6972]"
esm2_late@1250,superfamily,0.7,601,0.8852,"[0.8602, 0.9101]",0.9468,"[0.9285, 0.9634]",0.6511,"[0.6266, 0.6750]"
esm2_late@1250,superfamily,1.01,2020,0.8941,"[0.8807, 0.9069]",0.9564,"[0.9475, 0.9653]",0.6652,"[0.6519, 0.6780]"
esm2_late@1500,superfamily,0.4,215,0.8744,"[0.8279, 0.9163]",0.9488,"[0.9163, 0.9767]",0.6815,"[0.6401, 0.7217]"
esm2_late@1500,superfamily,0.5,369,0.8808,"[0.8482, 0.9133]",0.9512,"[0.9295, 0.9702]",0.6713,"[0.6400, 0.7026]"
esm2_late@1500,superfamily,0.7,601,0.8852,"[0.8586, 0.9101]",0.9468,"[0.9285, 0.9651]",0.6575,"[0.6328, 0.6815]"
esm2_late@1500,superfamily,1.01,2020,0.898,"[0.8851, 0.9109]",0.9574,"[0.9485, 0.9663]",0.6717,"[0.6584, 0.6844]"
esm2_late@1750,superfamily,0.4,215,0.8744,"[0.8279, 0.9163]",0.9488,"[0.9163, 0.9767]",0.6823,"[0.6405, 0.7224]"
esm2_late@1750,superfamily,0.5,369,0.8808,"[0.8482, 0.9133]",0.9512,"[0.9295, 0.9702]",0.6715,"[0.6400, 0.7029]"
esm2_late@1750,superfamily,0.7,601,0.8835,"[0.8569, 0.9085]",0.9484,"[0.9301, 0.9651]",0.6568,"[0.6321, 0.6809]"
esm2_late@1750,superfamily,1.01,2020,0.8955,"[0.8822, 0.9084]",0.9594,"[0.9505, 0.9678]",0.67,"[0.6568, 0.6828]"
esm2_late@2000,superfamily,0.4,215,0.8744,"[0.8279, 0.9163]",0.9488,"[0.9163, 0.9767]",0.6825,"[0.6407, 0.7226]"
esm2_late@2000,superfamily,0.5,369,0.8808,"[0.8482, 0.9133]",0.9512,"[0.9295, 0.9702]",0.6719,"[0.6404, 0.7032]"
esm2_late@2000,superfamily,0.7,601,0.8835,"[0.8569, 0.9085]",0.9484,"[0.9301, 0.9651]",0.6571,"[0.6324, 0.6811]"
esm2_late@2000,superfamily,1.01,2020,0.8955,"[0.8822, 0.9084]",0.9594,"[0.9505, 0.9678]",0.6705,"[0.6572, 0.6833]"
esm2_late@250,superfamily,0.4,215,0.786,"[0.7302, 0.8419]",0.9116,"[0.8698, 0.9488]",0.5591,"[0.5165, 0.6021]"
esm2_late@250,superfamily,0.5,369,0.8157,"[0.7751, 0.8537]",0.9295,"[0.9024, 0.9539]",0.5593,"[0.5278, 0.5910]"
esm2_late@250,superfamily,0.7,601,0.822,"[0.7920, 0.8519]",0.9268,"[0.9052, 0.9468]",0.5586,"[0.5334, 0.5836]"
esm2_late@250,superfamily,1.01,2020,0.8416,"[0.8257, 0.8569]",0.9248,"[0.9129, 0.9361]",0.5865,"[0.5726, 0.6002]"
esm2_late@500,superfamily,0.4,215,0.8372,"[0.7860, 0.8837]",0.9442,"[0.9116, 0.9721]",0.6356,"[0.5925, 0.6778]"
esm2_late@500,superfamily,0.5,369,0.8509,"[0.8157, 0.8862]",0.9431,"[0.9187, 0.9648]",0.6287,"[0.5965, 0.6605]"
esm2_late@500,superfamily,0.7,601,0.8619,"[0.8336, 0.8902]",0.9434,"[0.9251, 0.9617]",0.6236,"[0.5986, 0.6483]"
esm2_late@500,superfamily,1.01,2020,0.8738,"[0.8594, 0.8881]",0.9495,"[0.9396, 0.9589]",0.6406,"[0.6271, 0.6539]"
esm2_late@750,superfamily,0.4,215,0.8558,"[0.8093, 0.9023]",0.9535,"[0.9256, 0.9814]",0.6621,"[0.6201, 0.7033]"
esm2_late@750,superfamily,0.5,369,0.8672,"[0.8320, 0.8997]",0.9512,"[0.9295, 0.9729]",0.653,"[0.6212, 0.6846]"
esm2_late@750,superfamily,0.7,601,0.8735,"[0.8453, 0.9002]",0.9534,"[0.9368, 0.9700]",0.6429,"[0.6180, 0.6672]"
esm2_late@750,superfamily,1.01,2020,0.8817,"[0.8678, 0.8955]",0.9535,"[0.9441, 0.9624]",0.6573,"[0.6439, 0.6704]"
esm2_late@final,superfamily,0.4,215,0.8744,"[0.8279, 0.9163]",0.9488,"[0.9163, 0.9767]",0.6825,"[0.6407, 0.7226]"
esm2_late@final,superfamily,0.5,369,0.8808,"[0.8482, 0.9133]",0.9512,"[0.9295, 0.9702]",0.6719,"[0.6404, 0.7032]"
esm2_late@final,superfamily,0.7,601,0.8835,"[0.8569, 0.9085]",0.9484,"[0.9301, 0.9651]",0.6571,"[0.6324, 0.6811]"
esm2_late@final,superfamily,1.01,2020,0.8955,"[0.8822, 0.9084]",0.9594,"[0.9505, 0.9678]",0.6705,"[0.6572, 0.6833]"
esm2_zeroshot,superfamily,0.4,215,0.707,"[0.6465, 0.7674]",0.8884,"[0.8419, 0.9302]",0.4399,"[0.3972, 0.4828]"
esm2_zeroshot,superfamily,0.5,369,0.7317,"[0.6856, 0.7778]",0.8672,"[0.8320, 0.8997]",0.4543,"[0.4218, 0.4874]"
esm2_zeroshot,superfamily,0.7,601,0.7238,"[0.6888, 0.7604]",0.8686,"[0.8403, 0.8952]",0.4627,"[0.4355, 0.4901]"
esm2_zeroshot,superfamily,1.01,2020,0.7193,"[0.6995, 0.7386]",0.8564,"[0.8406, 0.8713]",0.4735,"[0.4577, 0.4888]"
protsent_late,superfamily,0.4,215,0.8744,"[0.8279, 0.9163]",0.9628,"[0.9349, 0.9860]",0.7049,"[0.6646, 0.7444]"
protsent_late,superfamily,0.5,369,0.878,"[0.8455, 0.9106]",0.9539,"[0.9322, 0.9729]",0.6959,"[0.6654, 0.7255]"
protsent_late,superfamily,0.7,601,0.8819,"[0.8552, 0.9085]",0.9567,"[0.9401, 0.9717]",0.6843,"[0.6602, 0.7081]"
protsent_late,superfamily,1.01,2020,0.8797,"[0.8653, 0.8936]",0.9589,"[0.9500, 0.9673]",0.6721,"[0.6590, 0.6852]"
protsent_late@0,superfamily,0.4,215,0.8326,"[0.7814, 0.8791]",0.9535,"[0.9209, 0.9814]",0.6303,"[0.5887, 0.6711]"
protsent_late@0,superfamily,0.5,369,0.8428,"[0.8049, 0.8780]",0.9431,"[0.9187, 0.9648]",0.6303,"[0.5990, 0.6614]"
protsent_late@0,superfamily,0.7,601,0.8486,"[0.8186, 0.8769]",0.9501,"[0.9318, 0.9667]",0.6277,"[0.6029, 0.6523]"
protsent_late@0,superfamily,1.01,2020,0.8485,"[0.8332, 0.8639]",0.948,"[0.9381, 0.9574]",0.6056,"[0.5922, 0.6187]"
protsent_late@1000,superfamily,0.4,215,0.8698,"[0.8233, 0.9116]",0.9581,"[0.9302, 0.9814]",0.6967,"[0.6562, 0.7363]"
protsent_late@1000,superfamily,0.5,369,0.8672,"[0.8320, 0.9024]",0.9512,"[0.9295, 0.9729]",0.6898,"[0.6595, 0.7194]"
protsent_late@1000,superfamily,0.7,601,0.8735,"[0.8469, 0.9002]",0.9551,"[0.9368, 0.9717]",0.6794,"[0.6554, 0.7034]"
protsent_late@1000,superfamily,1.01,2020,0.8762,"[0.8619, 0.8906]",0.9579,"[0.9490, 0.9663]",0.6658,"[0.6528, 0.6789]"
protsent_late@1250,superfamily,0.4,215,0.8651,"[0.8186, 0.9070]",0.9581,"[0.9302, 0.9814]",0.6993,"[0.6587, 0.7389]"
protsent_late@1250,superfamily,0.5,369,0.8699,"[0.8347, 0.9024]",0.9512,"[0.9295, 0.9729]",0.6918,"[0.6613, 0.7214]"
protsent_late@1250,superfamily,0.7,601,0.8735,"[0.8453, 0.9002]",0.9551,"[0.9368, 0.9717]",0.6807,"[0.6567, 0.7047]"
protsent_late@1250,superfamily,1.01,2020,0.8767,"[0.8624, 0.8911]",0.9584,"[0.9495, 0.9668]",0.6684,"[0.6553, 0.6815]"
protsent_late@1500,superfamily,0.4,215,0.8698,"[0.8233, 0.9116]",0.9581,"[0.9302, 0.9814]",0.7034,"[0.6631, 0.7429]"
protsent_late@1500,superfamily,0.5,369,0.8726,"[0.8374, 0.9052]",0.9512,"[0.9295, 0.9729]",0.6948,"[0.6642, 0.7244]"
protsent_late@1500,superfamily,0.7,601,0.8785,"[0.8502, 0.9052]",0.9551,"[0.9384, 0.9717]",0.6837,"[0.6596, 0.7075]"
protsent_late@1500,superfamily,1.01,2020,0.8782,"[0.8634, 0.8921]",0.9584,"[0.9495, 0.9668]",0.6719,"[0.6588, 0.6850]"
protsent_late@1750,superfamily,0.4,215,0.8791,"[0.8326, 0.9209]",0.9628,"[0.9349, 0.9860]",0.7058,"[0.6656, 0.7454]"
protsent_late@1750,superfamily,0.5,369,0.8808,"[0.8482, 0.9133]",0.9539,"[0.9322, 0.9729]",0.6965,"[0.6663, 0.7259]"
protsent_late@1750,superfamily,0.7,601,0.8819,"[0.8552, 0.9085]",0.9567,"[0.9401, 0.9717]",0.6845,"[0.6603, 0.7082]"
protsent_late@1750,superfamily,1.01,2020,0.8792,"[0.8649, 0.8931]",0.9589,"[0.9500, 0.9673]",0.6721,"[0.6589, 0.6850]"
protsent_late@2000,superfamily,0.4,215,0.8744,"[0.8279, 0.9163]",0.9628,"[0.9349, 0.9860]",0.7049,"[0.6646, 0.7444]"
protsent_late@2000,superfamily,0.5,369,0.878,"[0.8455, 0.9106]",0.9539,"[0.9322, 0.9729]",0.6959,"[0.6654, 0.7255]"
protsent_late@2000,superfamily,0.7,601,0.8819,"[0.8552, 0.9085]",0.9567,"[0.9401, 0.9717]",0.6843,"[0.6602, 0.7081]"
protsent_late@2000,superfamily,1.01,2020,0.8797,"[0.8653, 0.8936]",0.9589,"[0.9500, 0.9673]",0.6721,"[0.6590, 0.6852]"
protsent_late@250,superfamily,0.4,215,0.8465,"[0.7953, 0.8930]",0.9395,"[0.9070, 0.9721]",0.6395,"[0.5982, 0.6812]"
protsent_late@250,superfamily,0.5,369,0.8428,"[0.8049, 0.8781]",0.9295,"[0.9024, 0.9539]",0.6319,"[0.6008, 0.6631]"
protsent_late@250,superfamily,0.7,601,0.8502,"[0.8220, 0.8785]",0.9368,"[0.9168, 0.9551]",0.6236,"[0.5988, 0.6486]"
protsent_late@250,superfamily,1.01,2020,0.8535,"[0.8381, 0.8688]",0.9465,"[0.9366, 0.9559]",0.6127,"[0.5990, 0.6263]"
protsent_late@500,superfamily,0.4,215,0.8512,"[0.8047, 0.8977]",0.9488,"[0.9163, 0.9767]",0.6815,"[0.6404, 0.7218]"
protsent_late@500,superfamily,0.5,369,0.8509,"[0.8130, 0.8862]",0.9485,"[0.9268, 0.9702]",0.6732,"[0.6428, 0.7028]"
protsent_late@500,superfamily,0.7,601,0.8586,"[0.8303, 0.8852]",0.9501,"[0.9318, 0.9667]",0.663,"[0.6390, 0.6874]"
protsent_late@500,superfamily,1.01,2020,0.8649,"[0.8495, 0.8797]",0.951,"[0.9416, 0.9599]",0.6481,"[0.6348, 0.6614]"
protsent_late@750,superfamily,0.4,215,0.8605,"[0.8140, 0.9070]",0.9581,"[0.9302, 0.9814]",0.6909,"[0.6507, 0.7308]"
protsent_late@750,superfamily,0.5,369,0.8618,"[0.8266, 0.8970]",0.9512,"[0.9295, 0.9729]",0.6836,"[0.6536, 0.7132]"
protsent_late@750,superfamily,0.7,601,0.8702,"[0.8419, 0.8968]",0.9567,"[0.9401, 0.9717]",0.6739,"[0.6500, 0.6980]"
protsent_late@750,superfamily,1.01,2020,0.8733,"[0.8589, 0.8876]",0.9545,"[0.9455, 0.9634]",0.6611,"[0.6479, 0.6743]"
protsent_late@final,superfamily,0.4,215,0.8744,"[0.8279, 0.9163]",0.9628,"[0.9349, 0.9860]",0.7049,"[0.6646, 0.7444]"
protsent_late@final,superfamily,0.5,369,0.878,"[0.8455, 0.9106]",0.9539,"[0.9322, 0.9729]",0.6959,"[0.6654, 0.7255]"
protsent_late@final,superfamily,0.7,601,0.8819,"[0.8552, 0.9085]",0.9567,"[0.9401, 0.9717]",0.6843,"[0.6602, 0.7081]"
protsent_late@final,superfamily,1.01,2020,0.8797,"[0.8653, 0.8936]",0.9589,"[0.9500, 0.9673]",0.6721,"[0.6590, 0.6852]"
protsent_v2_dense,superfamily,0.4,215,0.8233,"[0.7721, 0.8744]",0.9488,"[0.9163, 0.9767]",0.6859,"[0.6454, 0.7258]"
protsent_v2_dense,superfamily,0.5,369,0.8455,"[0.8076, 0.8808]",0.9485,"[0.9268, 0.9702]",0.6867,"[0.6567, 0.7158]"
protsent_v2_dense,superfamily,0.7,601,0.8519,"[0.8236, 0.8802]",0.9501,"[0.9318, 0.9667]",0.6761,"[0.6523, 0.6997]"
protsent_v2_dense,superfamily,1.01,2020,0.8569,"[0.8416, 0.8723]",0.9559,"[0.9470, 0.9644]",0.654,"[0.6411, 0.6668]"
protsent_v2_zeroshot,superfamily,0.4,215,0.8651,"[0.8186, 0.9116]",0.9628,"[0.9349, 0.9860]",0.7181,"[0.6778, 0.7586]"
protsent_v2_zeroshot,superfamily,0.5,369,0.8726,"[0.8374, 0.9051]",0.9593,"[0.9377, 0.9783]",0.7149,"[0.6847, 0.7446]"
protsent_v2_zeroshot,superfamily,0.7,601,0.8802,"[0.8536, 0.9068]",0.9584,"[0.9418, 0.9734]",0.7037,"[0.6798, 0.7275]"
protsent_v2_zeroshot,superfamily,1.01,2020,0.8782,"[0.8639, 0.8926]",0.9559,"[0.9470, 0.9644]",0.6831,"[0.6699, 0.6961]"
esm2_dense,fold,0.4,223,0.722,"[0.6637, 0.7803]",0.8565,"[0.8072, 0.9013]",0.3157,"[0.2825, 0.3494]"
esm2_dense,fold,0.5,381,0.727,"[0.6824, 0.7717]",0.8556,"[0.8189, 0.8898]",0.3379,"[0.3114, 0.3649]"
esm2_dense,fold,0.7,616,0.7175,"[0.6818, 0.7532]",0.8604,"[0.8328, 0.8880]",0.3381,"[0.3173, 0.3591]"
esm2_dense,fold,1.01,2116,0.725,"[0.7060, 0.7439]",0.8686,"[0.8540, 0.8833]",0.3582,"[0.3460, 0.3704]"
esm2_late,fold,0.4,223,0.8789,"[0.8341, 0.9193]",0.9372,"[0.9013, 0.9686]",0.5921,"[0.5515, 0.6324]"
esm2_late,fold,0.5,381,0.8924,"[0.8609, 0.9213]",0.9501,"[0.9265, 0.9711]",0.6023,"[0.5723, 0.6318]"
esm2_late,fold,0.7,616,0.8945,"[0.8701, 0.9188]",0.9513,"[0.9334, 0.9675]",0.5902,"[0.5665, 0.6137]"
esm2_late,fold,1.01,2116,0.9012,"[0.8880, 0.9140]",0.9608,"[0.9523, 0.9693]",0.6,"[0.5873, 0.6130]"
esm2_late@0,fold,0.4,223,0.6682,"[0.6054, 0.7265]",0.8475,"[0.7982, 0.8924]",0.3409,"[0.3028, 0.3798]"
esm2_late@0,fold,0.5,381,0.7008,"[0.6535, 0.7480]",0.853,"[0.8163, 0.8871]",0.3584,"[0.3293, 0.3879]"
esm2_late@0,fold,0.7,616,0.6981,"[0.6607, 0.7354]",0.8523,"[0.8247, 0.8799]",0.3636,"[0.3405, 0.3872]"
esm2_late@0,fold,1.01,2116,0.6763,"[0.6564, 0.6966]",0.8332,"[0.8171, 0.8492]",0.3717,"[0.3583, 0.3855]"
esm2_late@1000,fold,0.4,223,0.861,"[0.8161, 0.9058]",0.9372,"[0.9058, 0.9686]",0.5853,"[0.5447, 0.6261]"
esm2_late@1000,fold,0.5,381,0.8819,"[0.8478, 0.9134]",0.9528,"[0.9291, 0.9738]",0.5954,"[0.5652, 0.6252]"
esm2_late@1000,fold,0.7,616,0.888,"[0.8636, 0.9123]",0.9513,"[0.9334, 0.9675]",0.5829,"[0.5591, 0.6063]"
esm2_late@1000,fold,1.01,2116,0.8946,"[0.8814, 0.9078]",0.9598,"[0.9509, 0.9683]",0.5954,"[0.5825, 0.6083]"
esm2_late@1250,fold,0.4,223,0.8789,"[0.8341, 0.9193]",0.9372,"[0.9058, 0.9686]",0.5856,"[0.5451, 0.6262]"
esm2_late@1250,fold,0.5,381,0.8924,"[0.8609, 0.9239]",0.9475,"[0.9239, 0.9685]",0.5959,"[0.5658, 0.6254]"
esm2_late@1250,fold,0.7,616,0.8945,"[0.8701, 0.9188]",0.9497,"[0.9318, 0.9659]",0.5838,"[0.5603, 0.6073]"
esm2_late@1250,fold,1.01,2116,0.8993,"[0.8866, 0.9126]",0.9589,"[0.9504, 0.9674]",0.5952,"[0.5825, 0.6082]"
esm2_late@1500,fold,0.4,223,0.8744,"[0.8296, 0.9148]",0.9372,"[0.9013, 0.9686]",0.5919,"[0.5512, 0.6324]"
esm2_late@1500,fold,0.5,381,0.8898,"[0.8582, 0.9186]",0.9501,"[0.9265, 0.9711]",0.6027,"[0.5726, 0.6321]"
esm2_late@1500,fold,0.7,616,0.8945,"[0.8701, 0.9188]",0.9497,"[0.9318, 0.9659]",0.5913,"[0.5677, 0.6148]"
esm2_late@1500,fold,1.01,2116,0.9022,"[0.8894, 0.9149]",0.9594,"[0.9504, 0.9679]",0.6016,"[0.5888, 0.6145]"
esm2_late@1750,fold,0.4,223,0.8789,"[0.8341, 0.9193]",0.9372,"[0.9013, 0.9686]",0.5914,"[0.5508, 0.6318]"
esm2_late@1750,fold,0.5,381,0.8924,"[0.8609, 0.9213]",0.9501,"[0.9265, 0.9711]",0.602,"[0.5719, 0.6315]"
esm2_late@1750,fold,0.7,616,0.8945,"[0.8701, 0.9188]",0.9513,"[0.9334, 0.9675]",0.59,"[0.5666, 0.6136]"
esm2_late@1750,fold,1.01,2116,0.9008,"[0.8875, 0.9135]",0.9608,"[0.9523, 0.9693]",0.5997,"[0.5870, 0.6126]"
esm2_late@2000,fold,0.4,223,0.8789,"[0.8341, 0.9193]",0.9372,"[0.9013, 0.9686]",0.5921,"[0.5515, 0.6324]"
esm2_late@2000,fold,0.5,381,0.8924,"[0.8609, 0.9213]",0.9501,"[0.9265, 0.9711]",0.6023,"[0.5723, 0.6318]"
esm2_late@2000,fold,0.7,616,0.8945,"[0.8701, 0.9188]",0.9513,"[0.9334, 0.9675]",0.5902,"[0.5665, 0.6137]"
esm2_late@2000,fold,1.01,2116,0.9012,"[0.8880, 0.9140]",0.9608,"[0.9523, 0.9693]",0.6,"[0.5873, 0.6130]"
esm2_late@250,fold,0.4,223,0.8161,"[0.7668, 0.8655]",0.9058,"[0.8655, 0.9417]",0.4879,"[0.4490, 0.5274]"
esm2_late@250,fold,0.5,381,0.8451,"[0.8084, 0.8793]",0.9318,"[0.9055, 0.9554]",0.5057,"[0.4768, 0.5345]"
esm2_late@250,fold,0.7,616,0.8442,"[0.8149, 0.8734]",0.9318,"[0.9107, 0.9513]",0.5042,"[0.4812, 0.5268]"
esm2_late@250,fold,1.01,2116,0.8606,"[0.8455, 0.8757]",0.9357,"[0.9249, 0.9461]",0.5264,"[0.5136, 0.5395]"
esm2_late@500,fold,0.4,223,0.843,"[0.7937, 0.8879]",0.9283,"[0.8924, 0.9596]",0.5579,"[0.5170, 0.5999]"
esm2_late@500,fold,0.5,381,0.8688,"[0.8346, 0.9029]",0.9396,"[0.9134, 0.9633]",0.5758,"[0.5450, 0.6062]"
esm2_late@500,fold,0.7,616,0.8782,"[0.8523, 0.9042]",0.9432,"[0.9237, 0.9610]",0.569,"[0.5448, 0.5929]"
esm2_late@500,fold,1.01,2116,0.8847,"[0.8710, 0.8984]",0.9513,"[0.9419, 0.9603]",0.5815,"[0.5685, 0.5947]"
esm2_late@750,fold,0.4,223,0.852,"[0.8027, 0.8969]",0.9372,"[0.9058, 0.9686]",0.5799,"[0.5389, 0.6206]"
esm2_late@750,fold,0.5,381,0.8714,"[0.8373, 0.9029]",0.9501,"[0.9265, 0.9711]",0.5921,"[0.5616, 0.6221]"
esm2_late@750,fold,0.7,616,0.8815,"[0.8555, 0.9058]",0.9562,"[0.9399, 0.9724]",0.5821,"[0.5583, 0.6058]"
esm2_late@750,fold,1.01,2116,0.888,"[0.8743, 0.9012]",0.9575,"[0.9485, 0.9660]",0.5928,"[0.5800, 0.6061]"
esm2_late@final,fold,0.4,223,0.8789,"[0.8341, 0.9193]",0.9372,"[0.9013, 0.9686]",0.5921,"[0.5515, 0.6324]"
esm2_late@final,fold,0.5,381,0.8924,"[0.8609, 0.9213]",0.9501,"[0.9265, 0.9711]",0.6023,"[0.5723, 0.6318]"
esm2_late@final,fold,0.7,616,0.8945,"[0.8701, 0.9188]",0.9513,"[0.9334, 0.9675]",0.5902,"[0.5665, 0.6137]"
esm2_late@final,fold,1.01,2116,0.9012,"[0.8880, 0.9140]",0.9608,"[0.9523, 0.9693]",0.6,"[0.5873, 0.6130]"
esm2_zeroshot,fold,0.4,223,0.7175,"[0.6592, 0.7758]",0.8879,"[0.8430, 0.9283]",0.3727,"[0.3333, 0.4125]"
esm2_zeroshot,fold,0.5,381,0.7402,"[0.6955, 0.7848]",0.8793,"[0.8451, 0.9108]",0.394,"[0.3637, 0.4246]"
esm2_zeroshot,fold,0.7,616,0.7305,"[0.6948, 0.7662]",0.8799,"[0.8539, 0.9058]",0.4001,"[0.3758, 0.4253]"
esm2_zeroshot,fold,1.01,2116,0.7268,"[0.7079, 0.7462]",0.8686,"[0.8540, 0.8833]",0.4043,"[0.3907, 0.4188]"
protsent_late,fold,0.4,223,0.87,"[0.8251, 0.9103]",0.9552,"[0.9283, 0.9821]",0.6185,"[0.5788, 0.6576]"
protsent_late,fold,0.5,381,0.8871,"[0.8530, 0.9186]",0.9606,"[0.9396, 0.9790]",0.6265,"[0.5971, 0.6552]"
protsent_late,fold,0.7,616,0.8961,"[0.8718, 0.9188]",0.9627,"[0.9464, 0.9773]",0.6185,"[0.5955, 0.6415]"
protsent_late,fold,1.01,2116,0.8979,"[0.8847, 0.9107]",0.9612,"[0.9527, 0.9693]",0.6019,"[0.5894, 0.6146]"
protsent_late@0,fold,0.4,223,0.8386,"[0.7892, 0.8834]",0.9462,"[0.9148, 0.9731]",0.5359,"[0.4958, 0.5777]"
protsent_late@0,fold,0.5,381,0.8635,"[0.8294, 0.8976]",0.9501,"[0.9265, 0.9711]",0.5448,"[0.5143, 0.5753]"
protsent_late@0,fold,0.7,616,0.8718,"[0.8458, 0.8977]",0.9562,"[0.9399, 0.9708]",0.5427,"[0.5191, 0.5664]"
protsent_late@0,fold,1.01,2116,0.8743,"[0.8601, 0.8885]",0.9504,"[0.9409, 0.9598]",0.5188,"[0.5060, 0.5317]"
protsent_late@1000,fold,0.4,223,0.8744,"[0.8296, 0.9148]",0.9507,"[0.9193, 0.9776]",0.6107,"[0.5710, 0.6502]"
protsent_late@1000,fold,0.5,381,0.8819,"[0.8478, 0.9134]",0.958,"[0.9370, 0.9764]",0.6198,"[0.5903, 0.6485]"
protsent_late@1000,fold,0.7,616,0.8945,"[0.8701, 0.9172]",0.961,"[0.9448, 0.9756]",0.6126,"[0.5896, 0.6355]"
protsent_late@1000,fold,1.01,2116,0.8974,"[0.8842, 0.9102]",0.9612,"[0.9527, 0.9693]",0.5959,"[0.5832, 0.6085]"
protsent_late@1250,fold,0.4,223,0.8655,"[0.8206, 0.9103]",0.9552,"[0.9283, 0.9821]",0.6142,"[0.5742, 0.6536]"
protsent_late@1250,fold,0.5,381,0.8845,"[0.8504, 0.9160]",0.9606,"[0.9396, 0.9790]",0.6235,"[0.5941, 0.6522]"
protsent_late@1250,fold,0.7,616,0.8912,"[0.8653, 0.9156]",0.9627,"[0.9464, 0.9773]",0.6158,"[0.5928, 0.6387]"
protsent_late@1250,fold,1.01,2116,0.8956,"[0.8823, 0.9083]",0.9622,"[0.9537, 0.9702]",0.5992,"[0.5866, 0.6118]"
protsent_late@1500,fold,0.4,223,0.8655,"[0.8206, 0.9103]",0.9552,"[0.9283, 0.9821]",0.6178,"[0.5779, 0.6572]"
protsent_late@1500,fold,0.5,381,0.8819,"[0.8478, 0.9134]",0.9606,"[0.9396, 0.9790]",0.626,"[0.5965, 0.6546]"
protsent_late@1500,fold,0.7,616,0.8929,"[0.8685, 0.9172]",0.9627,"[0.9464, 0.9773]",0.6184,"[0.5954, 0.6414]"
protsent_late@1500,fold,1.01,2116,0.8979,"[0.8847, 0.9107]",0.9617,"[0.9532, 0.9698]",0.6023,"[0.5897, 0.6150]"
protsent_late@1750,fold,0.4,223,0.8744,"[0.8296, 0.9148]",0.9552,"[0.9283, 0.9821]",0.6193,"[0.5799, 0.6585]"
protsent_late@1750,fold,0.5,381,0.8898,"[0.8583, 0.9213]",0.9606,"[0.9396, 0.9790]",0.627,"[0.5978, 0.6556]"
protsent_late@1750,fold,0.7,616,0.8961,"[0.8718, 0.9188]",0.9627,"[0.9464, 0.9773]",0.6188,"[0.5958, 0.6417]"
protsent_late@1750,fold,1.01,2116,0.8979,"[0.8847, 0.9107]",0.9612,"[0.9527, 0.9693]",0.6019,"[0.5894, 0.6146]"
protsent_late@2000,fold,0.4,223,0.87,"[0.8251, 0.9103]",0.9552,"[0.9283, 0.9821]",0.6185,"[0.5788, 0.6576]"
protsent_late@2000,fold,0.5,381,0.8871,"[0.8530, 0.9186]",0.9606,"[0.9396, 0.9790]",0.6265,"[0.5971, 0.6552]"
protsent_late@2000,fold,0.7,616,0.8961,"[0.8718, 0.9188]",0.9627,"[0.9464, 0.9773]",0.6185,"[0.5955, 0.6415]"
protsent_late@2000,fold,1.01,2116,0.8979,"[0.8847, 0.9107]",0.9612,"[0.9527, 0.9693]",0.6019,"[0.5894, 0.6146]"
protsent_late@250,fold,0.4,223,0.852,"[0.8027, 0.8969]",0.9372,"[0.9013, 0.9686]",0.5519,"[0.5122, 0.5928]"
protsent_late@250,fold,0.5,381,0.8661,"[0.8320, 0.9003]",0.9396,"[0.9134, 0.9633]",0.5537,"[0.5234, 0.5834]"
protsent_late@250,fold,0.7,616,0.875,"[0.8490, 0.9010]",0.9448,"[0.9253, 0.9627]",0.5471,"[0.5237, 0.5712]"
protsent_late@250,fold,1.01,2116,0.8781,"[0.8639, 0.8918]",0.9518,"[0.9423, 0.9608]",0.5334,"[0.5204, 0.5463]"
protsent_late@500,fold,0.4,223,0.852,"[0.8027, 0.8969]",0.9417,"[0.9103, 0.9686]",0.5983,"[0.5582, 0.6381]"
protsent_late@500,fold,0.5,381,0.8661,"[0.8320, 0.9003]",0.9501,"[0.9265, 0.9711]",0.6033,"[0.5730, 0.6324]"
protsent_late@500,fold,0.7,616,0.8782,"[0.8523, 0.9026]",0.9545,"[0.9383, 0.9708]",0.5947,"[0.5717, 0.6181]"
protsent_late@500,fold,1.01,2116,0.8856,"[0.8719, 0.8993]",0.9565,"[0.9475, 0.9650]",0.5785,"[0.5656, 0.5912]"
protsent_late@750,fold,0.4,223,0.861,"[0.8161, 0.9058]",0.9507,"[0.9193, 0.9776]",0.6064,"[0.5668, 0.6456]"
protsent_late@750,fold,0.5,381,0.874,"[0.8399, 0.9055]",0.958,"[0.9370, 0.9764]",0.614,"[0.5842, 0.6427]"
protsent_late@750,fold,0.7,616,0.888,"[0.8620, 0.9123]",0.9627,"[0.9464, 0.9773]",0.6076,"[0.5848, 0.6305]"
protsent_late@750,fold,1.01,2116,0.8922,"[0.8785, 0.9060]",0.9594,"[0.9509, 0.9674]",0.5918,"[0.5791, 0.6044]"
protsent_late@final,fold,0.4,223,0.87,"[0.8251, 0.9103]",0.9552,"[0.9283, 0.9821]",0.6185,"[0.5788, 0.6576]"
protsent_late@final,fold,0.5,381,0.8871,"[0.8530, 0.9186]",0.9606,"[0.9396, 0.9790]",0.6265,"[0.5971, 0.6552]"
protsent_late@final,fold,0.7,616,0.8961,"[0.8718, 0.9188]",0.9627,"[0.9464, 0.9773]",0.6185,"[0.5955, 0.6415]"
protsent_late@final,fold,1.01,2116,0.8979,"[0.8847, 0.9107]",0.9612,"[0.9527, 0.9693]",0.6019,"[0.5894, 0.6146]"
protsent_v2_dense,fold,0.4,223,0.852,"[0.8027, 0.8969]",0.9552,"[0.9283, 0.9821]",0.6088,"[0.5704, 0.6466]"
protsent_v2_dense,fold,0.5,381,0.874,"[0.8399, 0.9055]",0.9659,"[0.9475, 0.9843]",0.6176,"[0.5886, 0.6455]"
protsent_v2_dense,fold,0.7,616,0.875,"[0.8474, 0.9010]",0.9627,"[0.9464, 0.9773]",0.6087,"[0.5863, 0.6312]"
protsent_v2_dense,fold,1.01,2116,0.8866,"[0.8729, 0.9003]",0.9608,"[0.9523, 0.9688]",0.582,"[0.5696, 0.5942]"
protsent_v2_zeroshot,fold,0.4,223,0.87,"[0.8251, 0.9103]",0.9552,"[0.9283, 0.9821]",0.627,"[0.5868, 0.6666]"
protsent_v2_zeroshot,fold,0.5,381,0.8924,"[0.8609, 0.9213]",0.9606,"[0.9396, 0.9790]",0.6362,"[0.6061, 0.6653]"
protsent_v2_zeroshot,fold,0.7,616,0.8994,"[0.8750, 0.9221]",0.961,"[0.9448, 0.9756]",0.6276,"[0.6038, 0.6507]"
protsent_v2_zeroshot,fold,1.01,2116,0.8965,"[0.8837, 0.9093]",0.9579,"[0.9490, 0.9664]",0.6014,"[0.5886, 0.6142]"
