model,scale,probe,task,metric,value,auc_undefined,kind,source
ESM-2 35M,35M,knn,Peptide-HLA Binding,AUC,0.7496,False,suite,
ESM-2 35M,35M,knn,Temperature Stability,Accuracy,0.8613,True,suite,
ESM-2 35M,35M,knn,Subcellular Localisation,AUC,0.8015,False,suite,
ESM-2 35M,35M,knn,Stability (Biomap),Spearman,0.6435,False,suite,
ESM-2 35M,35M,knn,Solubility (DeepSol),AUC,0.5321,False,suite,
ESM-2 35M,35M,knn,Signal Peptide Prediction (SignalP/ProteinBERT),AUC,0.978,False,suite,
ESM-2 35M,35M,knn,SCOPe-40 Structural Retrieval,eligible_MAP,0.421,False,suite,
ESM-2 35M,35M,knn,Remote Homology (Fold),Accuracy,0.5835,True,suite,
ESM-2 35M,35M,knn,Neuropeptide Precursor Prediction (ProFET/NeuroPID),AUC,0.9579,False,suite,
ESM-2 35M,35M,knn,Optimal pH,Spearman,0.5821,False,suite,
ESM-2 35M,35M,knn,AAV Fitness (FLIP),Spearman,0.4667,False,suite,
ESM-2 35M,35M,knn,Material Production,AUC,0.7684,False,suite,
ESM-2 35M,35M,knn,Molecular Function (GO),F1_Macro,0.459,False,suite,
ESM-2 35M,35M,knn,Fluorescence (TAPE),Spearman,0.3736,False,suite,
ESM-2 35M,35M,knn,Enzyme Catalytic Efficiency,Spearman,0.6915,False,suite,
ESM-2 35M,35M,knn,EC Classification,F1_Macro,0.5984,False,suite,
ESM-2 35M,35M,knn,Cloning Classification,Spearman,0.3906,False,suite,
ESM-2 35M,35M,knn,Binary Subcellular Localization,AUC,0.881,False,suite,
ESM-2 35M,35M,knn,beta-lactamase-PEER,Spearman,0.7272,False,suite,
ESM-2 35M,35M,knn,Antibiotic Resistance,Accuracy,0.9673,True,suite,
ESM-2 35M,35M,knn,Thermostability (FLIP),Spearman,0.4449,False,suite,
ESM-2 35M,35M,knn,Metal Ion Binding,AUC,0.7957,False,suite,
ESM-2 35M,35M,knn,Variant Effect (GB1),Spearman,0.6582,False,suite,
ESM-2 35M,35M,linear,AAV Fitness (FLIP),Spearman,0.5639,False,suite,
ESM-2 35M,35M,linear,Temperature Stability,Accuracy,0.8973,True,suite,
ESM-2 35M,35M,linear,Subcellular Localisation,AUC,0.9116,False,suite,
ESM-2 35M,35M,linear,Stability (Biomap),Spearman,0.4395,False,suite,
ESM-2 35M,35M,linear,Solubility (DeepSol),AUC,0.6963,False,suite,
ESM-2 35M,35M,linear,Signal Peptide Prediction (SignalP/ProteinBERT),AUC,0.9942,False,suite,
ESM-2 35M,35M,linear,SCOPe-40 Structural Retrieval,eligible_MAP,0.421,False,suite,
ESM-2 35M,35M,linear,Remote Homology (Fold),Accuracy,0.6868,True,suite,
ESM-2 35M,35M,linear,Neuropeptide Precursor Prediction (ProFET/NeuroPID),AUC,0.9748,False,suite,
ESM-2 35M,35M,linear,Peptide-HLA Binding,AUC,0.8628,False,suite,
ESM-2 35M,35M,linear,Thermostability (FLIP),Spearman,0.5413,False,suite,
ESM-2 35M,35M,linear,Optimal pH,Spearman,0.4864,False,suite,
ESM-2 35M,35M,linear,Material Production,AUC,0.8399,False,suite,
ESM-2 35M,35M,linear,Molecular Function (GO),F1_Macro,0.459,False,suite,
ESM-2 35M,35M,linear,Fluorescence (TAPE),Spearman,0.5913,False,suite,
ESM-2 35M,35M,linear,Enzyme Catalytic Efficiency,Spearman,0.5456,False,suite,
ESM-2 35M,35M,linear,EC Classification,F1_Macro,0.5984,False,suite,
ESM-2 35M,35M,linear,Cloning Classification,Spearman,0.478,False,suite,
ESM-2 35M,35M,linear,Binary Subcellular Localization,AUC,0.9572,False,suite,
ESM-2 35M,35M,linear,beta-lactamase-PEER,Spearman,0.6639,False,suite,
ESM-2 35M,35M,linear,Antibiotic Resistance,Accuracy,0.9755,True,suite,
ESM-2 35M,35M,linear,Metal Ion Binding,AUC,0.7903,False,suite,
ESM-2 35M,35M,linear,Variant Effect (GB1),Spearman,0.8163,False,suite,
ProtSent-V1,35M,knn,Neuropeptide Precursor Prediction (ProFET/NeuroPID),AUC,0.9584,False,suite,
ProtSent-V1,35M,knn,Remote Homology (Fold),Accuracy,0.6587,True,suite,
ProtSent-V1,35M,knn,SCOPe-40 Structural Retrieval,eligible_MAP,0.5509,False,suite,
ProtSent-V1,35M,knn,Temperature Stability,Accuracy,0.8375,True,suite,
ProtSent-V1,35M,knn,Solubility (DeepSol),AUC,0.5413,False,suite,
ProtSent-V1,35M,knn,Stability (Biomap),Spearman,0.5638,False,suite,
ProtSent-V1,35M,knn,Subcellular Localisation,AUC,0.8246,False,suite,
ProtSent-V1,35M,knn,Peptide-HLA Binding,AUC,0.786,False,suite,
ProtSent-V1,35M,knn,Signal Peptide Prediction (SignalP/ProteinBERT),AUC,0.9777,False,suite,
ProtSent-V1,35M,knn,Optimal pH,Spearman,0.5742,False,suite,
ProtSent-V1,35M,knn,EC Classification,F1_Macro,0.5617,False,suite,
ProtSent-V1,35M,knn,Material Production,AUC,0.7716,False,suite,
ProtSent-V1,35M,knn,Molecular Function (GO),F1_Macro,0.4434,False,suite,
ProtSent-V1,35M,knn,Fluorescence (TAPE),Spearman,0.451,False,suite,
ProtSent-V1,35M,knn,Enzyme Catalytic Efficiency,Spearman,0.6826,False,suite,
ProtSent-V1,35M,knn,Cloning Classification,Spearman,0.3774,False,suite,
ProtSent-V1,35M,knn,Binary Subcellular Localization,AUC,0.9089,False,suite,
ProtSent-V1,35M,knn,beta-lactamase-PEER,Spearman,0.7676,False,suite,
ProtSent-V1,35M,knn,Antibiotic Resistance,Accuracy,0.9583,True,suite,
ProtSent-V1,35M,knn,AAV Fitness (FLIP),Spearman,0.5553,False,suite,
ProtSent-V1,35M,knn,Thermostability (FLIP),Spearman,0.4754,False,suite,
ProtSent-V1,35M,knn,Metal Ion Binding,AUC,0.8015,False,suite,
ProtSent-V1,35M,knn,Variant Effect (GB1),Spearman,0.7107,False,suite,
ProtSent-V1,35M,linear,AAV Fitness (FLIP),Spearman,0.4362,False,suite,
ProtSent-V1,35M,linear,Temperature Stability,Accuracy,0.8779,True,suite,
ProtSent-V1,35M,linear,Subcellular Localisation,AUC,0.9057,False,suite,
ProtSent-V1,35M,linear,Stability (Biomap),Spearman,0.511,False,suite,
ProtSent-V1,35M,linear,Solubility (DeepSol),AUC,0.6929,False,suite,
ProtSent-V1,35M,linear,Signal Peptide Prediction (SignalP/ProteinBERT),AUC,0.9949,False,suite,
ProtSent-V1,35M,linear,SCOPe-40 Structural Retrieval,eligible_MAP,0.5509,False,suite,
ProtSent-V1,35M,linear,Remote Homology (Fold),Accuracy,0.6899,True,suite,
ProtSent-V1,35M,linear,Neuropeptide Precursor Prediction (ProFET/NeuroPID),AUC,0.9763,False,suite,
ProtSent-V1,35M,linear,Peptide-HLA Binding,AUC,0.8187,False,suite,
ProtSent-V1,35M,linear,Thermostability (FLIP),Spearman,0.566,False,suite,
ProtSent-V1,35M,linear,Optimal pH,Spearman,0.474,False,suite,
ProtSent-V1,35M,linear,Material Production,AUC,0.8244,False,suite,
ProtSent-V1,35M,linear,Molecular Function (GO),F1_Macro,0.4434,False,suite,
ProtSent-V1,35M,linear,Fluorescence (TAPE),Spearman,0.5912,False,suite,
ProtSent-V1,35M,linear,Enzyme Catalytic Efficiency,Spearman,0.5122,False,suite,
ProtSent-V1,35M,linear,EC Classification,F1_Macro,0.5617,False,suite,
ProtSent-V1,35M,linear,Cloning Classification,Spearman,0.442,False,suite,
ProtSent-V1,35M,linear,Binary Subcellular Localization,AUC,0.9404,False,suite,
ProtSent-V1,35M,linear,beta-lactamase-PEER,Spearman,0.5762,False,suite,
ProtSent-V1,35M,linear,Antibiotic Resistance,Accuracy,0.965,True,suite,
ProtSent-V1,35M,linear,Metal Ion Binding,AUC,0.7599,False,suite,
ProtSent-V1,35M,linear,Variant Effect (GB1),Spearman,0.8247,False,suite,
ProtSent-V2,35M,knn,AAV Fitness (FLIP),Spearman,0.5154,False,suite,
ProtSent-V2,35M,knn,Temperature Stability,Accuracy,0.8514,True,suite,
ProtSent-V2,35M,knn,Subcellular Localisation,AUC,0.8294,False,suite,
ProtSent-V2,35M,knn,Stability (Biomap),Spearman,0.5961,False,suite,
ProtSent-V2,35M,knn,Solubility (DeepSol),AUC,0.5426,False,suite,
ProtSent-V2,35M,knn,Signal Peptide Prediction (SignalP/ProteinBERT),AUC,0.984,False,suite,
ProtSent-V2,35M,knn,SCOPe-40 Structural Retrieval,eligible_MAP,0.6459,False,suite,
ProtSent-V2,35M,knn,Remote Homology (Fold),Accuracy,0.6668,True,suite,
ProtSent-V2,35M,knn,Neuropeptide Precursor Prediction (ProFET/NeuroPID),AUC,0.9601,False,suite,
ProtSent-V2,35M,knn,Peptide-HLA Binding,AUC,0.8022,False,suite,
ProtSent-V2,35M,knn,Thermostability (FLIP),Spearman,0.4367,False,suite,
ProtSent-V2,35M,knn,Optimal pH,Spearman,0.5756,False,suite,
ProtSent-V2,35M,knn,Material Production,AUC,0.7653,False,suite,
ProtSent-V2,35M,knn,Molecular Function (GO),F1_Macro,0.4547,False,suite,
ProtSent-V2,35M,knn,Fluorescence (TAPE),Spearman,0.4568,False,suite,
ProtSent-V2,35M,knn,Enzyme Catalytic Efficiency,Spearman,0.6687,False,suite,
ProtSent-V2,35M,knn,EC Classification,F1_Macro,0.5924,False,suite,
ProtSent-V2,35M,knn,Cloning Classification,Spearman,0.3791,False,suite,
ProtSent-V2,35M,knn,Binary Subcellular Localization,AUC,0.8884,False,suite,
ProtSent-V2,35M,knn,beta-lactamase-PEER,Spearman,0.7153,False,suite,
ProtSent-V2,35M,knn,Antibiotic Resistance,Accuracy,0.965,True,suite,
ProtSent-V2,35M,knn,Metal Ion Binding,AUC,0.8158,False,suite,
ProtSent-V2,35M,knn,Variant Effect (GB1),Spearman,0.7806,False,suite,
ProtSent-V2,35M,linear,AAV Fitness (FLIP),Spearman,0.2471,False,suite,
ProtSent-V2,35M,linear,Temperature Stability,Accuracy,0.8963,True,suite,
ProtSent-V2,35M,linear,Subcellular Localisation,AUC,0.8921,False,suite,
ProtSent-V2,35M,linear,Stability (Biomap),Spearman,0.3878,False,suite,
ProtSent-V2,35M,linear,Solubility (DeepSol),AUC,0.6976,False,suite,
ProtSent-V2,35M,linear,Signal Peptide Prediction (SignalP/ProteinBERT),AUC,0.9957,False,suite,
ProtSent-V2,35M,linear,SCOPe-40 Structural Retrieval,eligible_MAP,0.6459,False,suite,
ProtSent-V2,35M,linear,Remote Homology (Fold),Accuracy,0.7016,True,suite,
ProtSent-V2,35M,linear,Neuropeptide Precursor Prediction (ProFET/NeuroPID),AUC,0.9594,False,suite,
ProtSent-V2,35M,linear,Peptide-HLA Binding,AUC,0.8579,False,suite,
ProtSent-V2,35M,linear,Thermostability (FLIP),Spearman,0.5564,False,suite,
ProtSent-V2,35M,linear,Optimal pH,Spearman,0.4845,False,suite,
ProtSent-V2,35M,linear,Material Production,AUC,0.8225,False,suite,
ProtSent-V2,35M,linear,Molecular Function (GO),F1_Macro,0.4547,False,suite,
ProtSent-V2,35M,linear,Fluorescence (TAPE),Spearman,0.5883,False,suite,
ProtSent-V2,35M,linear,Enzyme Catalytic Efficiency,Spearman,0.5002,False,suite,
ProtSent-V2,35M,linear,EC Classification,F1_Macro,0.5924,False,suite,
ProtSent-V2,35M,linear,Cloning Classification,Spearman,0.4257,False,suite,
ProtSent-V2,35M,linear,Binary Subcellular Localization,AUC,0.9093,False,suite,
ProtSent-V2,35M,linear,beta-lactamase-PEER,Spearman,0.6086,False,suite,
ProtSent-V2,35M,linear,Antibiotic Resistance,Accuracy,0.9665,True,suite,
ProtSent-V2,35M,linear,Metal Ion Binding,AUC,0.7466,False,suite,
ProtSent-V2,35M,linear,Variant Effect (GB1),Spearman,0.8126,False,suite,
ProtSent-V2.5,35M,knn,AAV Fitness (FLIP),Spearman,0.4945,False,suite,
ProtSent-V2.5,35M,knn,Temperature Stability,Accuracy,0.8514,True,suite,
ProtSent-V2.5,35M,knn,Subcellular Localisation,AUC,0.8173,False,suite,
ProtSent-V2.5,35M,knn,Stability (Biomap),Spearman,0.5989,False,suite,
ProtSent-V2.5,35M,knn,Solubility (DeepSol),AUC,0.5413,False,suite,
ProtSent-V2.5,35M,knn,Signal Peptide Prediction (SignalP/ProteinBERT),AUC,0.9829,False,suite,
ProtSent-V2.5,35M,knn,SCOPe-40 Structural Retrieval,eligible_MAP,0.6521,False,suite,
ProtSent-V2.5,35M,knn,Remote Homology (Fold),Accuracy,0.664,True,suite,
ProtSent-V2.5,35M,knn,Neuropeptide Precursor Prediction (ProFET/NeuroPID),AUC,0.9549,False,suite,
ProtSent-V2.5,35M,knn,Peptide-HLA Binding,AUC,0.8033,False,suite,
ProtSent-V2.5,35M,knn,Thermostability (FLIP),Spearman,0.4675,False,suite,
ProtSent-V2.5,35M,knn,Optimal pH,Spearman,0.5655,False,suite,
ProtSent-V2.5,35M,knn,Material Production,AUC,0.7662,False,suite,
ProtSent-V2.5,35M,knn,Molecular Function (GO),F1_Macro,0.4506,False,suite,
ProtSent-V2.5,35M,knn,Fluorescence (TAPE),Spearman,0.4669,False,suite,
ProtSent-V2.5,35M,knn,Enzyme Catalytic Efficiency,Spearman,0.6745,False,suite,
ProtSent-V2.5,35M,knn,EC Classification,F1_Macro,0.5956,False,suite,
ProtSent-V2.5,35M,knn,Cloning Classification,Spearman,0.3928,False,suite,
ProtSent-V2.5,35M,knn,Binary Subcellular Localization,AUC,0.8966,False,suite,
ProtSent-V2.5,35M,knn,beta-lactamase-PEER,Spearman,0.7305,False,suite,
ProtSent-V2.5,35M,knn,Antibiotic Resistance,Accuracy,0.9635,True,suite,
ProtSent-V2.5,35M,knn,Metal Ion Binding,AUC,0.8,False,suite,
ProtSent-V2.5,35M,knn,Variant Effect (GB1),Spearman,0.7796,False,suite,
ProtSent-V2.5,35M,linear,AAV Fitness (FLIP),Spearman,0.3204,False,suite,
ProtSent-V2.5,35M,linear,Temperature Stability,Accuracy,0.897,True,suite,
ProtSent-V2.5,35M,linear,Subcellular Localisation,AUC,0.8903,False,suite,
ProtSent-V2.5,35M,linear,Stability (Biomap),Spearman,0.4824,False,suite,
ProtSent-V2.5,35M,linear,Solubility (DeepSol),AUC,0.6901,False,suite,
ProtSent-V2.5,35M,linear,Signal Peptide Prediction (SignalP/ProteinBERT),AUC,0.9948,False,suite,
ProtSent-V2.5,35M,linear,SCOPe-40 Structural Retrieval,eligible_MAP,0.6521,False,suite,
ProtSent-V2.5,35M,linear,Remote Homology (Fold),Accuracy,0.7047,True,suite,
ProtSent-V2.5,35M,linear,Neuropeptide Precursor Prediction (ProFET/NeuroPID),AUC,0.9625,False,suite,
ProtSent-V2.5,35M,linear,Peptide-HLA Binding,AUC,0.859,False,suite,
ProtSent-V2.5,35M,linear,Thermostability (FLIP),Spearman,0.5459,False,suite,
ProtSent-V2.5,35M,linear,Optimal pH,Spearman,0.4598,False,suite,
ProtSent-V2.5,35M,linear,Material Production,AUC,0.8223,False,suite,
ProtSent-V2.5,35M,linear,Molecular Function (GO),F1_Macro,0.4506,False,suite,
ProtSent-V2.5,35M,linear,Fluorescence (TAPE),Spearman,0.6031,False,suite,
ProtSent-V2.5,35M,linear,Enzyme Catalytic Efficiency,Spearman,0.5017,False,suite,
ProtSent-V2.5,35M,linear,EC Classification,F1_Macro,0.5956,False,suite,
ProtSent-V2.5,35M,linear,Cloning Classification,Spearman,0.4338,False,suite,
ProtSent-V2.5,35M,linear,Binary Subcellular Localization,AUC,0.8965,False,suite,
ProtSent-V2.5,35M,linear,beta-lactamase-PEER,Spearman,0.6195,False,suite,
ProtSent-V2.5,35M,linear,Antibiotic Resistance,Accuracy,0.9695,True,suite,
ProtSent-V2.5,35M,linear,Metal Ion Binding,AUC,0.7408,False,suite,
ProtSent-V2.5,35M,linear,Variant Effect (GB1),Spearman,0.8254,False,suite,
ProtSent-V2.5-noGOR,35M,knn,AAV Fitness (FLIP),Spearman,0.4821,False,suite,
ProtSent-V2.5-noGOR,35M,knn,Temperature Stability,Accuracy,0.8518,True,suite,
ProtSent-V2.5-noGOR,35M,knn,Subcellular Localisation,AUC,0.8212,False,suite,
ProtSent-V2.5-noGOR,35M,knn,Stability (Biomap),Spearman,0.609,False,suite,
ProtSent-V2.5-noGOR,35M,knn,Solubility (DeepSol),AUC,0.5454,False,suite,
ProtSent-V2.5-noGOR,35M,knn,Signal Peptide Prediction (SignalP/ProteinBERT),AUC,0.9815,False,suite,
ProtSent-V2.5-noGOR,35M,knn,SCOPe-40 Structural Retrieval,eligible_MAP,0.6528,False,suite,
ProtSent-V2.5-noGOR,35M,knn,Remote Homology (Fold),Accuracy,0.6646,True,suite,
ProtSent-V2.5-noGOR,35M,knn,Neuropeptide Precursor Prediction (ProFET/NeuroPID),AUC,0.9564,False,suite,
ProtSent-V2.5-noGOR,35M,knn,Peptide-HLA Binding,AUC,0.8029,False,suite,
ProtSent-V2.5-noGOR,35M,knn,Thermostability (FLIP),Spearman,0.4516,False,suite,
ProtSent-V2.5-noGOR,35M,knn,Optimal pH,Spearman,0.5613,False,suite,
ProtSent-V2.5-noGOR,35M,knn,Material Production,AUC,0.7641,False,suite,
ProtSent-V2.5-noGOR,35M,knn,Molecular Function (GO),F1_Macro,0.4532,False,suite,
ProtSent-V2.5-noGOR,35M,knn,Fluorescence (TAPE),Spearman,0.462,False,suite,
ProtSent-V2.5-noGOR,35M,knn,Enzyme Catalytic Efficiency,Spearman,0.6749,False,suite,
ProtSent-V2.5-noGOR,35M,knn,EC Classification,F1_Macro,0.5962,False,suite,
ProtSent-V2.5-noGOR,35M,knn,Cloning Classification,Spearman,0.3912,False,suite,
ProtSent-V2.5-noGOR,35M,knn,Binary Subcellular Localization,AUC,0.8954,False,suite,
ProtSent-V2.5-noGOR,35M,knn,beta-lactamase-PEER,Spearman,0.7261,False,suite,
ProtSent-V2.5-noGOR,35M,knn,Antibiotic Resistance,Accuracy,0.9628,True,suite,
ProtSent-V2.5-noGOR,35M,knn,Metal Ion Binding,AUC,0.8014,False,suite,
ProtSent-V2.5-noGOR,35M,knn,Variant Effect (GB1),Spearman,0.791,False,suite,
ProtSent-V2.5-noGOR,35M,linear,AAV Fitness (FLIP),Spearman,0.2998,False,suite,
ProtSent-V2.5-noGOR,35M,linear,Temperature Stability,Accuracy,0.8974,True,suite,
ProtSent-V2.5-noGOR,35M,linear,Subcellular Localisation,AUC,0.8892,False,suite,
ProtSent-V2.5-noGOR,35M,linear,Stability (Biomap),Spearman,0.4941,False,suite,
ProtSent-V2.5-noGOR,35M,linear,Solubility (DeepSol),AUC,0.693,False,suite,
ProtSent-V2.5-noGOR,35M,linear,Signal Peptide Prediction (SignalP/ProteinBERT),AUC,0.9952,False,suite,
ProtSent-V2.5-noGOR,35M,linear,SCOPe-40 Structural Retrieval,eligible_MAP,0.6528,False,suite,
ProtSent-V2.5-noGOR,35M,linear,Remote Homology (Fold),Accuracy,0.7056,True,suite,
ProtSent-V2.5-noGOR,35M,linear,Neuropeptide Precursor Prediction (ProFET/NeuroPID),AUC,0.9637,False,suite,
ProtSent-V2.5-noGOR,35M,linear,Peptide-HLA Binding,AUC,0.8578,False,suite,
ProtSent-V2.5-noGOR,35M,linear,Thermostability (FLIP),Spearman,0.5515,False,suite,
ProtSent-V2.5-noGOR,35M,linear,Optimal pH,Spearman,0.4598,False,suite,
ProtSent-V2.5-noGOR,35M,linear,Material Production,AUC,0.8228,False,suite,
ProtSent-V2.5-noGOR,35M,linear,Molecular Function (GO),F1_Macro,0.4532,False,suite,
ProtSent-V2.5-noGOR,35M,linear,Fluorescence (TAPE),Spearman,0.5955,False,suite,
ProtSent-V2.5-noGOR,35M,linear,Enzyme Catalytic Efficiency,Spearman,0.5075,False,suite,
ProtSent-V2.5-noGOR,35M,linear,EC Classification,F1_Macro,0.5962,False,suite,
ProtSent-V2.5-noGOR,35M,linear,Cloning Classification,Spearman,0.4334,False,suite,
ProtSent-V2.5-noGOR,35M,linear,Binary Subcellular Localization,AUC,0.8932,False,suite,
ProtSent-V2.5-noGOR,35M,linear,beta-lactamase-PEER,Spearman,0.5926,False,suite,
ProtSent-V2.5-noGOR,35M,linear,Antibiotic Resistance,Accuracy,0.9673,True,suite,
ProtSent-V2.5-noGOR,35M,linear,Metal Ion Binding,AUC,0.7341,False,suite,
ProtSent-V2.5-noGOR,35M,linear,Variant Effect (GB1),Spearman,0.8266,False,suite,
ESM-2 150M,150M,knn,AAV Fitness (FLIP),Spearman,0.4345,False,suite,
ESM-2 150M,150M,knn,Temperature Stability,Accuracy,0.8911,True,suite,
ESM-2 150M,150M,knn,Subcellular Localisation,AUC,0.8188,False,suite,
ESM-2 150M,150M,knn,Stability (Biomap),Spearman,0.6495,False,suite,
ESM-2 150M,150M,knn,Solubility (DeepSol),AUC,0.5465,False,suite,
ESM-2 150M,150M,knn,Signal Peptide Prediction (SignalP/ProteinBERT),AUC,0.9804,False,suite,
ESM-2 150M,150M,knn,SCOPe-40 Structural Retrieval,eligible_MAP,0.4236,False,suite,
ESM-2 150M,150M,knn,Remote Homology (Fold),Accuracy,0.5194,True,suite,
ESM-2 150M,150M,knn,Neuropeptide Precursor Prediction (ProFET/NeuroPID),AUC,0.9777,False,suite,
ESM-2 150M,150M,knn,Peptide-HLA Binding,AUC,0.7565,False,suite,
ESM-2 150M,150M,knn,Thermostability (FLIP),Spearman,0.4377,False,suite,
ESM-2 150M,150M,knn,Optimal pH,Spearman,0.5622,False,suite,
ESM-2 150M,150M,knn,Material Production,AUC,0.7582,False,suite,
ESM-2 150M,150M,knn,Molecular Function (GO),F1_Macro,0.5116,False,suite,
ESM-2 150M,150M,knn,Fluorescence (TAPE),Spearman,0.3802,False,suite,
ESM-2 150M,150M,knn,Enzyme Catalytic Efficiency,Spearman,0.706,False,suite,
ESM-2 150M,150M,knn,EC Classification,F1_Macro,0.6466,False,suite,
ESM-2 150M,150M,knn,Cloning Classification,Spearman,0.3754,False,suite,
ESM-2 150M,150M,knn,Binary Subcellular Localization,AUC,0.8964,False,suite,
ESM-2 150M,150M,knn,beta-lactamase-PEER,Spearman,0.7728,False,suite,
ESM-2 150M,150M,knn,Antibiotic Resistance,Accuracy,0.968,True,suite,
ESM-2 150M,150M,knn,Metal Ion Binding,AUC,0.7973,False,suite,
ESM-2 150M,150M,knn,Variant Effect (GB1),Spearman,0.6607,False,suite,
ESM-2 150M,150M,linear,AAV Fitness (FLIP),Spearman,0.5887,False,suite,
ESM-2 150M,150M,linear,Temperature Stability,Accuracy,0.9264,True,suite,
ESM-2 150M,150M,linear,Subcellular Localisation,AUC,0.9203,False,suite,
ESM-2 150M,150M,linear,Stability (Biomap),Spearman,0.706,False,suite,
ESM-2 150M,150M,linear,Solubility (DeepSol),AUC,0.7211,False,suite,
ESM-2 150M,150M,linear,Signal Peptide Prediction (SignalP/ProteinBERT),AUC,0.9942,False,suite,
ESM-2 150M,150M,linear,SCOPe-40 Structural Retrieval,eligible_MAP,0.4236,False,suite,
ESM-2 150M,150M,linear,Remote Homology (Fold),Accuracy,0.75,True,suite,
ESM-2 150M,150M,linear,Neuropeptide Precursor Prediction (ProFET/NeuroPID),AUC,0.9802,False,suite,
ESM-2 150M,150M,linear,Peptide-HLA Binding,AUC,0.863,False,suite,
ESM-2 150M,150M,linear,Thermostability (FLIP),Spearman,0.5605,False,suite,
ESM-2 150M,150M,linear,Optimal pH,Spearman,0.5315,False,suite,
ESM-2 150M,150M,linear,Material Production,AUC,0.8528,False,suite,
ESM-2 150M,150M,linear,Molecular Function (GO),F1_Macro,0.5116,False,suite,
ESM-2 150M,150M,linear,Fluorescence (TAPE),Spearman,0.5799,False,suite,
ESM-2 150M,150M,linear,Enzyme Catalytic Efficiency,Spearman,0.5466,False,suite,
ESM-2 150M,150M,linear,EC Classification,F1_Macro,0.6466,False,suite,
ESM-2 150M,150M,linear,Cloning Classification,Spearman,0.5071,False,suite,
ESM-2 150M,150M,linear,Binary Subcellular Localization,AUC,0.9499,False,suite,
ESM-2 150M,150M,linear,beta-lactamase-PEER,Spearman,0.7788,False,suite,
ESM-2 150M,150M,linear,Antibiotic Resistance,Accuracy,0.9814,True,suite,
ESM-2 150M,150M,linear,Metal Ion Binding,AUC,0.792,False,suite,
ESM-2 150M,150M,linear,Variant Effect (GB1),Spearman,0.8047,False,suite,
ProtSent-V1,150M,knn,AAV Fitness (FLIP),Spearman,0.4663,False,suite,
ProtSent-V1,150M,knn,Temperature Stability,Accuracy,0.848,True,suite,
ProtSent-V1,150M,knn,Subcellular Localisation,AUC,0.8265,False,suite,
ProtSent-V1,150M,knn,Stability (Biomap),Spearman,0.6097,False,suite,
ProtSent-V1,150M,knn,Solubility (DeepSol),AUC,0.5485,False,suite,
ProtSent-V1,150M,knn,Signal Peptide Prediction (SignalP/ProteinBERT),AUC,0.974,False,suite,
ProtSent-V1,150M,knn,SCOPe-40 Structural Retrieval,eligible_MAP,0.6431,False,suite,
ProtSent-V1,150M,knn,Remote Homology (Fold),Accuracy,0.7047,True,suite,
ProtSent-V1,150M,knn,Neuropeptide Precursor Prediction (ProFET/NeuroPID),AUC,0.9614,False,suite,
ProtSent-V1,150M,knn,Peptide-HLA Binding,AUC,0.779,False,suite,
ProtSent-V1,150M,knn,Thermostability (FLIP),Spearman,0.4606,False,suite,
ProtSent-V1,150M,knn,Optimal pH,Spearman,0.5836,False,suite,
ProtSent-V1,150M,knn,Material Production,AUC,0.7666,False,suite,
ProtSent-V1,150M,knn,Molecular Function (GO),F1_Macro,0.4961,False,suite,
ProtSent-V1,150M,knn,Fluorescence (TAPE),Spearman,0.4619,False,suite,
ProtSent-V1,150M,knn,Enzyme Catalytic Efficiency,Spearman,0.6777,False,suite,
ProtSent-V1,150M,knn,EC Classification,F1_Macro,0.604,False,suite,
ProtSent-V1,150M,knn,Cloning Classification,Spearman,0.3789,False,suite,
ProtSent-V1,150M,knn,Binary Subcellular Localization,AUC,0.901,False,suite,
ProtSent-V1,150M,knn,beta-lactamase-PEER,Spearman,0.7423,False,suite,
ProtSent-V1,150M,knn,Antibiotic Resistance,Accuracy,0.9628,True,suite,
ProtSent-V1,150M,knn,Metal Ion Binding,AUC,0.8147,False,suite,
ProtSent-V1,150M,knn,Variant Effect (GB1),Spearman,0.7983,False,suite,
ProtSent-V1,150M,linear,AAV Fitness (FLIP),Spearman,0.3976,False,suite,
ProtSent-V1,150M,linear,Temperature Stability,Accuracy,0.8908,True,suite,
ProtSent-V1,150M,linear,Subcellular Localisation,AUC,0.9156,False,suite,
ProtSent-V1,150M,linear,Stability (Biomap),Spearman,0.6987,False,suite,
ProtSent-V1,150M,linear,Solubility (DeepSol),AUC,0.7085,False,suite,
ProtSent-V1,150M,linear,Signal Peptide Prediction (SignalP/ProteinBERT),AUC,0.9941,False,suite,
ProtSent-V1,150M,linear,SCOPe-40 Structural Retrieval,eligible_MAP,0.6431,False,suite,
ProtSent-V1,150M,linear,Remote Homology (Fold),Accuracy,0.7401,True,suite,
ProtSent-V1,150M,linear,Neuropeptide Precursor Prediction (ProFET/NeuroPID),AUC,0.9762,False,suite,
ProtSent-V1,150M,linear,Peptide-HLA Binding,AUC,0.8374,False,suite,
ProtSent-V1,150M,linear,Thermostability (FLIP),Spearman,0.5581,False,suite,
ProtSent-V1,150M,linear,Optimal pH,Spearman,0.517,False,suite,
ProtSent-V1,150M,linear,Material Production,AUC,0.84,False,suite,
ProtSent-V1,150M,linear,Molecular Function (GO),F1_Macro,0.4961,False,suite,
ProtSent-V1,150M,linear,Fluorescence (TAPE),Spearman,0.6079,False,suite,
ProtSent-V1,150M,linear,Enzyme Catalytic Efficiency,Spearman,0.5478,False,suite,
ProtSent-V1,150M,linear,EC Classification,F1_Macro,0.604,False,suite,
ProtSent-V1,150M,linear,Cloning Classification,Spearman,0.4783,False,suite,
ProtSent-V1,150M,linear,Binary Subcellular Localization,AUC,0.9351,False,suite,
ProtSent-V1,150M,linear,beta-lactamase-PEER,Spearman,0.6807,False,suite,
ProtSent-V1,150M,linear,Antibiotic Resistance,Accuracy,0.9747,True,suite,
ProtSent-V1,150M,linear,Metal Ion Binding,AUC,0.7891,False,suite,
ProtSent-V1,150M,linear,Variant Effect (GB1),Spearman,0.8448,False,suite,
ProtSent-V2,150M,knn,AAV Fitness (FLIP),Spearman,0.5031,False,suite,
ProtSent-V2,150M,knn,Temperature Stability,Accuracy,0.8619,True,suite,
ProtSent-V2,150M,knn,Subcellular Localisation,AUC,0.8358,False,suite,
ProtSent-V2,150M,knn,Stability (Biomap),Spearman,0.6239,False,suite,
ProtSent-V2,150M,knn,Solubility (DeepSol),AUC,0.5263,False,suite,
ProtSent-V2,150M,knn,Signal Peptide Prediction (SignalP/ProteinBERT),AUC,0.9827,False,suite,
ProtSent-V2,150M,knn,SCOPe-40 Structural Retrieval,eligible_MAP,0.7046,False,suite,
ProtSent-V2,150M,knn,Remote Homology (Fold),Accuracy,0.6612,True,suite,
ProtSent-V2,150M,knn,Neuropeptide Precursor Prediction (ProFET/NeuroPID),AUC,0.9713,False,suite,
ProtSent-V2,150M,knn,Peptide-HLA Binding,AUC,0.7999,False,suite,
ProtSent-V2,150M,knn,Thermostability (FLIP),Spearman,0.4623,False,suite,
ProtSent-V2,150M,knn,Optimal pH,Spearman,0.5892,False,suite,
ProtSent-V2,150M,knn,Material Production,AUC,0.7644,False,suite,
ProtSent-V2,150M,knn,Molecular Function (GO),F1_Macro,0.5148,False,suite,
ProtSent-V2,150M,knn,Fluorescence (TAPE),Spearman,0.3839,False,suite,
ProtSent-V2,150M,knn,Enzyme Catalytic Efficiency,Spearman,0.6909,False,suite,
ProtSent-V2,150M,knn,EC Classification,F1_Macro,0.6253,False,suite,
ProtSent-V2,150M,knn,Cloning Classification,Spearman,0.3627,False,suite,
ProtSent-V2,150M,knn,Binary Subcellular Localization,AUC,0.9032,False,suite,
ProtSent-V2,150M,knn,beta-lactamase-PEER,Spearman,0.7619,False,suite,
ProtSent-V2,150M,knn,Antibiotic Resistance,Accuracy,0.9658,True,suite,
ProtSent-V2,150M,knn,Metal Ion Binding,AUC,0.8166,False,suite,
ProtSent-V2,150M,knn,Variant Effect (GB1),Spearman,0.77,False,suite,
ProtSent-V2,150M,linear,AAV Fitness (FLIP),Spearman,0.4509,False,suite,
ProtSent-V2,150M,linear,Temperature Stability,Accuracy,0.9097,True,suite,
ProtSent-V2,150M,linear,Subcellular Localisation,AUC,0.9079,False,suite,
ProtSent-V2,150M,linear,Stability (Biomap),Spearman,0.6625,False,suite,
ProtSent-V2,150M,linear,Solubility (DeepSol),AUC,0.7076,False,suite,
ProtSent-V2,150M,linear,Signal Peptide Prediction (SignalP/ProteinBERT),AUC,0.9961,False,suite,
ProtSent-V2,150M,linear,SCOPe-40 Structural Retrieval,eligible_MAP,0.7046,False,suite,
ProtSent-V2,150M,linear,Remote Homology (Fold),Accuracy,0.7503,True,suite,
ProtSent-V2,150M,linear,Neuropeptide Precursor Prediction (ProFET/NeuroPID),AUC,0.9714,False,suite,
ProtSent-V2,150M,linear,Peptide-HLA Binding,AUC,0.8712,False,suite,
ProtSent-V2,150M,linear,Thermostability (FLIP),Spearman,0.5606,False,suite,
ProtSent-V2,150M,linear,Optimal pH,Spearman,0.5034,False,suite,
ProtSent-V2,150M,linear,Material Production,AUC,0.8344,False,suite,
ProtSent-V2,150M,linear,Molecular Function (GO),F1_Macro,0.5148,False,suite,
ProtSent-V2,150M,linear,Fluorescence (TAPE),Spearman,0.5908,False,suite,
ProtSent-V2,150M,linear,Enzyme Catalytic Efficiency,Spearman,0.5432,False,suite,
ProtSent-V2,150M,linear,EC Classification,F1_Macro,0.6253,False,suite,
ProtSent-V2,150M,linear,Cloning Classification,Spearman,0.4345,False,suite,
ProtSent-V2,150M,linear,Binary Subcellular Localization,AUC,0.9234,False,suite,
ProtSent-V2,150M,linear,beta-lactamase-PEER,Spearman,0.6454,False,suite,
ProtSent-V2,150M,linear,Antibiotic Resistance,Accuracy,0.9725,True,suite,
ProtSent-V2,150M,linear,Metal Ion Binding,AUC,0.769,False,suite,
ProtSent-V2,150M,linear,Variant Effect (GB1),Spearman,0.8294,False,suite,
ProtSent-V2.5,150M,knn,AAV Fitness (FLIP),Spearman,0.5062,False,suite,
ProtSent-V2.5,150M,knn,Temperature Stability,Accuracy,0.8617,True,suite,
ProtSent-V2.5,150M,knn,Subcellular Localisation,AUC,0.837,False,suite,
ProtSent-V2.5,150M,knn,Stability (Biomap),Spearman,0.6375,False,suite,
ProtSent-V2.5,150M,knn,Solubility (DeepSol),AUC,0.5319,False,suite,
ProtSent-V2.5,150M,knn,Signal Peptide Prediction (SignalP/ProteinBERT),AUC,0.9806,False,suite,
ProtSent-V2.5,150M,knn,SCOPe-40 Structural Retrieval,eligible_MAP,0.7227,False,suite,
ProtSent-V2.5,150M,knn,Remote Homology (Fold),Accuracy,0.681,True,suite,
ProtSent-V2.5,150M,knn,Neuropeptide Precursor Prediction (ProFET/NeuroPID),AUC,0.9728,False,suite,
ProtSent-V2.5,150M,knn,Peptide-HLA Binding,AUC,0.8008,False,suite,
ProtSent-V2.5,150M,knn,Thermostability (FLIP),Spearman,0.4952,False,suite,
ProtSent-V2.5,150M,knn,Optimal pH,Spearman,0.5869,False,suite,
ProtSent-V2.5,150M,knn,Material Production,AUC,0.7721,False,suite,
ProtSent-V2.5,150M,knn,Molecular Function (GO),F1_Macro,0.5011,False,suite,
ProtSent-V2.5,150M,knn,Fluorescence (TAPE),Spearman,0.4521,False,suite,
ProtSent-V2.5,150M,knn,Enzyme Catalytic Efficiency,Spearman,0.6857,False,suite,
ProtSent-V2.5,150M,knn,EC Classification,F1_Macro,0.6205,False,suite,
ProtSent-V2.5,150M,knn,Cloning Classification,Spearman,0.3857,False,suite,
ProtSent-V2.5,150M,knn,Binary Subcellular Localization,AUC,0.9027,False,suite,
ProtSent-V2.5,150M,knn,beta-lactamase-PEER,Spearman,0.7833,False,suite,
ProtSent-V2.5,150M,knn,Antibiotic Resistance,Accuracy,0.9688,True,suite,
ProtSent-V2.5,150M,knn,Metal Ion Binding,AUC,0.8054,False,suite,
ProtSent-V2.5,150M,knn,Variant Effect (GB1),Spearman,0.7953,False,suite,
ProtSent-V2.5,150M,linear,AAV Fitness (FLIP),Spearman,0.3646,False,suite,
ProtSent-V2.5,150M,linear,Temperature Stability,Accuracy,0.9145,True,suite,
ProtSent-V2.5,150M,linear,Subcellular Localisation,AUC,0.9126,False,suite,
ProtSent-V2.5,150M,linear,Stability (Biomap),Spearman,0.6391,False,suite,
ProtSent-V2.5,150M,linear,Solubility (DeepSol),AUC,0.7049,False,suite,
ProtSent-V2.5,150M,linear,Signal Peptide Prediction (SignalP/ProteinBERT),AUC,0.9958,False,suite,
ProtSent-V2.5,150M,linear,SCOPe-40 Structural Retrieval,eligible_MAP,0.7227,False,suite,
ProtSent-V2.5,150M,linear,Remote Homology (Fold),Accuracy,0.7503,True,suite,
ProtSent-V2.5,150M,linear,Neuropeptide Precursor Prediction (ProFET/NeuroPID),AUC,0.9724,False,suite,
ProtSent-V2.5,150M,linear,Peptide-HLA Binding,AUC,0.8747,False,suite,
ProtSent-V2.5,150M,linear,Thermostability (FLIP),Spearman,0.5605,False,suite,
ProtSent-V2.5,150M,linear,Optimal pH,Spearman,0.4989,False,suite,
ProtSent-V2.5,150M,linear,Material Production,AUC,0.8343,False,suite,
ProtSent-V2.5,150M,linear,Molecular Function (GO),F1_Macro,0.5011,False,suite,
ProtSent-V2.5,150M,linear,Fluorescence (TAPE),Spearman,0.6059,False,suite,
ProtSent-V2.5,150M,linear,Enzyme Catalytic Efficiency,Spearman,0.5403,False,suite,
ProtSent-V2.5,150M,linear,EC Classification,F1_Macro,0.6205,False,suite,
ProtSent-V2.5,150M,linear,Cloning Classification,Spearman,0.4406,False,suite,
ProtSent-V2.5,150M,linear,Binary Subcellular Localization,AUC,0.9175,False,suite,
ProtSent-V2.5,150M,linear,beta-lactamase-PEER,Spearman,0.6939,False,suite,
ProtSent-V2.5,150M,linear,Antibiotic Resistance,Accuracy,0.974,True,suite,
ProtSent-V2.5,150M,linear,Metal Ion Binding,AUC,0.761,False,suite,
ProtSent-V2.5,150M,linear,Variant Effect (GB1),Spearman,0.8268,False,suite,
ESM-C 300M (uncontrolled),300M,knn,AAV Fitness (FLIP),Spearman,0.4921,False,suite,
ESM-C 300M (uncontrolled),300M,knn,Temperature Stability,Accuracy,0.9257,True,suite,
ESM-C 300M (uncontrolled),300M,knn,Subcellular Localisation,AUC,0.7862,False,suite,
ESM-C 300M (uncontrolled),300M,knn,Stability (Biomap),Spearman,0.6935,False,suite,
ESM-C 300M (uncontrolled),300M,knn,Solubility (DeepSol),AUC,0.5944,False,suite,
ESM-C 300M (uncontrolled),300M,knn,Signal Peptide Prediction (SignalP/ProteinBERT),AUC,0.9749,False,suite,
ESM-C 300M (uncontrolled),300M,knn,SCOPe-40 Structural Retrieval,eligible_MAP,0.2212,False,suite,
ESM-C 300M (uncontrolled),300M,knn,Remote Homology (Fold),Accuracy,0.3545,True,suite,
ESM-C 300M (uncontrolled),300M,knn,Neuropeptide Precursor Prediction (ProFET/NeuroPID),AUC,0.9781,False,suite,
ESM-C 300M (uncontrolled),300M,knn,Peptide-HLA Binding,AUC,0.722,False,suite,
ESM-C 300M (uncontrolled),300M,knn,Thermostability (FLIP),Spearman,0.4497,False,suite,
ESM-C 300M (uncontrolled),300M,knn,Optimal pH,Spearman,0.5113,False,suite,
ESM-C 300M (uncontrolled),300M,knn,Material Production,AUC,0.7266,False,suite,
ESM-C 300M (uncontrolled),300M,knn,Molecular Function (GO),F1_Macro,0.5164,False,suite,
ESM-C 300M (uncontrolled),300M,knn,Fluorescence (TAPE),Spearman,0.3706,False,suite,
ESM-C 300M (uncontrolled),300M,knn,Enzyme Catalytic Efficiency,Spearman,0.6957,False,suite,
ESM-C 300M (uncontrolled),300M,knn,EC Classification,F1_Macro,0.6404,False,suite,
ESM-C 300M (uncontrolled),300M,knn,Cloning Classification,Spearman,0.3272,False,suite,
ESM-C 300M (uncontrolled),300M,knn,Binary Subcellular Localization,AUC,0.8813,False,suite,
ESM-C 300M (uncontrolled),300M,knn,beta-lactamase-PEER,Spearman,0.8239,False,suite,
ESM-C 300M (uncontrolled),300M,knn,Antibiotic Resistance,Accuracy,0.9628,True,suite,
ESM-C 300M (uncontrolled),300M,knn,Metal Ion Binding,AUC,0.7369,False,suite,
ESM-C 300M (uncontrolled),300M,knn,Variant Effect (GB1),Spearman,0.7989,False,suite,
ESM-C 300M (uncontrolled),300M,linear,AAV Fitness (FLIP),Spearman,0.6058,False,suite,
ESM-C 300M (uncontrolled),300M,linear,Temperature Stability,Accuracy,0.9562,True,suite,
ESM-C 300M (uncontrolled),300M,linear,Subcellular Localisation,AUC,0.9231,False,suite,
ESM-C 300M (uncontrolled),300M,linear,Stability (Biomap),Spearman,0.755,False,suite,
ESM-C 300M (uncontrolled),300M,linear,Solubility (DeepSol),AUC,0.7538,False,suite,
ESM-C 300M (uncontrolled),300M,linear,Signal Peptide Prediction (SignalP/ProteinBERT),AUC,0.9942,False,suite,
ESM-C 300M (uncontrolled),300M,linear,SCOPe-40 Structural Retrieval,eligible_MAP,0.2212,False,suite,
ESM-C 300M (uncontrolled),300M,linear,Remote Homology (Fold),Accuracy,0.6995,True,suite,
ESM-C 300M (uncontrolled),300M,linear,Neuropeptide Precursor Prediction (ProFET/NeuroPID),AUC,0.9915,False,suite,
ESM-C 300M (uncontrolled),300M,linear,Peptide-HLA Binding,AUC,0.8659,False,suite,
ESM-C 300M (uncontrolled),300M,linear,Thermostability (FLIP),Spearman,0.5498,False,suite,
ESM-C 300M (uncontrolled),300M,linear,Optimal pH,Spearman,0.5238,False,suite,
ESM-C 300M (uncontrolled),300M,linear,Material Production,AUC,0.8454,False,suite,
ESM-C 300M (uncontrolled),300M,linear,Molecular Function (GO),F1_Macro,0.5164,False,suite,
ESM-C 300M (uncontrolled),300M,linear,Fluorescence (TAPE),Spearman,0.6155,False,suite,
ESM-C 300M (uncontrolled),300M,linear,Enzyme Catalytic Efficiency,Spearman,0.6073,False,suite,
ESM-C 300M (uncontrolled),300M,linear,EC Classification,F1_Macro,0.6404,False,suite,
ESM-C 300M (uncontrolled),300M,linear,Cloning Classification,Spearman,0.5129,False,suite,
ESM-C 300M (uncontrolled),300M,linear,Binary Subcellular Localization,AUC,0.9519,False,suite,
ESM-C 300M (uncontrolled),300M,linear,beta-lactamase-PEER,Spearman,0.8324,False,suite,
ESM-C 300M (uncontrolled),300M,linear,Antibiotic Resistance,Accuracy,0.9814,True,suite,
ESM-C 300M (uncontrolled),300M,linear,Metal Ion Binding,AUC,0.7882,False,suite,
ESM-C 300M (uncontrolled),300M,linear,Variant Effect (GB1),Spearman,0.8165,False,suite,
ISM-C 300M (uncontrolled),300M,knn,AAV Fitness (FLIP),Spearman,0.4835,False,suite,
ISM-C 300M (uncontrolled),300M,knn,Temperature Stability,Accuracy,0.8394,True,suite,
ISM-C 300M (uncontrolled),300M,knn,Subcellular Localisation,AUC,0.7756,False,suite,
ISM-C 300M (uncontrolled),300M,knn,Stability (Biomap),Spearman,0.5794,False,suite,
ISM-C 300M (uncontrolled),300M,knn,Solubility (DeepSol),AUC,0.6852,False,suite,
ISM-C 300M (uncontrolled),300M,knn,Signal Peptide Prediction (SignalP/ProteinBERT),AUC,0.9679,False,suite,
ISM-C 300M (uncontrolled),300M,knn,SCOPe-40 Structural Retrieval,eligible_MAP,0.2733,False,suite,
ISM-C 300M (uncontrolled),300M,knn,Remote Homology (Fold),Accuracy,0.4026,True,suite,
ISM-C 300M (uncontrolled),300M,knn,Neuropeptide Precursor Prediction (ProFET/NeuroPID),AUC,0.9673,False,suite,
ISM-C 300M (uncontrolled),300M,knn,Peptide-HLA Binding,AUC,0.7457,False,suite,
ISM-C 300M (uncontrolled),300M,knn,Thermostability (FLIP),Spearman,0.4447,False,suite,
ISM-C 300M (uncontrolled),300M,knn,Optimal pH,Spearman,0.4525,False,suite,
ISM-C 300M (uncontrolled),300M,knn,Material Production,AUC,0.8087,False,suite,
ISM-C 300M (uncontrolled),300M,knn,Molecular Function (GO),F1_Macro,0.4378,False,suite,
ISM-C 300M (uncontrolled),300M,knn,Fluorescence (TAPE),Spearman,0.5436,False,suite,
ISM-C 300M (uncontrolled),300M,knn,Enzyme Catalytic Efficiency,Spearman,0.6908,False,suite,
ISM-C 300M (uncontrolled),300M,knn,EC Classification,F1_Macro,0.5274,False,suite,
ISM-C 300M (uncontrolled),300M,knn,Cloning Classification,Spearman,0.5071,False,suite,
ISM-C 300M (uncontrolled),300M,knn,Binary Subcellular Localization,AUC,0.866,False,suite,
ISM-C 300M (uncontrolled),300M,knn,beta-lactamase-PEER,Spearman,0.8351,False,suite,
ISM-C 300M (uncontrolled),300M,knn,Antibiotic Resistance,Accuracy,0.942,True,suite,
ISM-C 300M (uncontrolled),300M,knn,Metal Ion Binding,AUC,0.6947,False,suite,
ISM-C 300M (uncontrolled),300M,knn,Variant Effect (GB1),Spearman,0.7199,False,suite,
ISM-C 300M (uncontrolled),300M,linear,AAV Fitness (FLIP),Spearman,0.5814,False,suite,
ISM-C 300M (uncontrolled),300M,linear,Temperature Stability,Accuracy,0.9333,True,suite,
ISM-C 300M (uncontrolled),300M,linear,Subcellular Localisation,AUC,0.9185,False,suite,
ISM-C 300M (uncontrolled),300M,linear,Stability (Biomap),Spearman,0.7003,False,suite,
ISM-C 300M (uncontrolled),300M,linear,Solubility (DeepSol),AUC,0.8222,False,suite,
ISM-C 300M (uncontrolled),300M,linear,Signal Peptide Prediction (SignalP/ProteinBERT),AUC,0.9957,False,suite,
ISM-C 300M (uncontrolled),300M,linear,SCOPe-40 Structural Retrieval,eligible_MAP,0.2733,False,suite,
ISM-C 300M (uncontrolled),300M,linear,Remote Homology (Fold),Accuracy,0.6705,True,suite,
ISM-C 300M (uncontrolled),300M,linear,Neuropeptide Precursor Prediction (ProFET/NeuroPID),AUC,0.9837,False,suite,
ISM-C 300M (uncontrolled),300M,linear,Peptide-HLA Binding,AUC,0.8946,False,suite,
ISM-C 300M (uncontrolled),300M,linear,Thermostability (FLIP),Spearman,0.5517,False,suite,
ISM-C 300M (uncontrolled),300M,linear,Optimal pH,Spearman,0.5079,False,suite,
ISM-C 300M (uncontrolled),300M,linear,Material Production,AUC,0.8771,False,suite,
ISM-C 300M (uncontrolled),300M,linear,Molecular Function (GO),F1_Macro,0.4378,False,suite,
ISM-C 300M (uncontrolled),300M,linear,Fluorescence (TAPE),Spearman,0.6585,False,suite,
ISM-C 300M (uncontrolled),300M,linear,Enzyme Catalytic Efficiency,Spearman,0.5845,False,suite,
ISM-C 300M (uncontrolled),300M,linear,EC Classification,F1_Macro,0.5274,False,suite,
ISM-C 300M (uncontrolled),300M,linear,Cloning Classification,Spearman,0.5736,False,suite,
ISM-C 300M (uncontrolled),300M,linear,Binary Subcellular Localization,AUC,0.9394,False,suite,
ISM-C 300M (uncontrolled),300M,linear,beta-lactamase-PEER,Spearman,0.8082,False,suite,
ISM-C 300M (uncontrolled),300M,linear,Antibiotic Resistance,Accuracy,0.9658,True,suite,
ISM-C 300M (uncontrolled),300M,linear,Metal Ion Binding,AUC,0.7662,False,suite,
ISM-C 300M (uncontrolled),300M,linear,Variant Effect (GB1),Spearman,0.8412,False,suite,
ESM-2 35M,35M,n/a,SCOPe-40 Structural Retrieval,R@1,0.4991,,retrieval,suite
ESM-2 35M,35M,n/a,SCOPe-40 Structural Retrieval,R@10,0.7614,,retrieval,suite
ESM-2 35M,35M,n/a,SCOPe-40 Structural Retrieval,R@30,0.834,,retrieval,suite
ESM-2 35M,35M,n/a,SCOPe-40 Structural Retrieval,MAP,0.421,,retrieval,suite
ProtSent-V1,35M,n/a,SCOPe-40 Structural Retrieval,R@1,0.5854,,retrieval,suite
ProtSent-V1,35M,n/a,SCOPe-40 Structural Retrieval,R@10,0.8511,,retrieval,suite
ProtSent-V1,35M,n/a,SCOPe-40 Structural Retrieval,R@30,0.9256,,retrieval,suite
ProtSent-V1,35M,n/a,SCOPe-40 Structural Retrieval,MAP,0.5509,,retrieval,suite
ProtSent-V2,35M,n/a,SCOPe-40 Structural Retrieval,R@1,0.6852,,retrieval,suite
ProtSent-V2,35M,n/a,SCOPe-40 Structural Retrieval,R@10,0.922,,retrieval,suite
ProtSent-V2,35M,n/a,SCOPe-40 Structural Retrieval,R@30,0.9634,,retrieval,suite
ProtSent-V2,35M,n/a,SCOPe-40 Structural Retrieval,MAP,0.6459,,retrieval,suite
ProtSent-V2.5,35M,n/a,SCOPe-40 Structural Retrieval,R@1,0.6899,,retrieval,suite
ProtSent-V2.5,35M,n/a,SCOPe-40 Structural Retrieval,R@10,0.9244,,retrieval,suite
ProtSent-V2.5,35M,n/a,SCOPe-40 Structural Retrieval,R@30,0.9681,,retrieval,suite
ProtSent-V2.5,35M,n/a,SCOPe-40 Structural Retrieval,MAP,0.6521,,retrieval,suite
ProtSent-V2.5-noGOR,35M,n/a,SCOPe-40 Structural Retrieval,R@1,0.6923,,retrieval,suite
ProtSent-V2.5-noGOR,35M,n/a,SCOPe-40 Structural Retrieval,R@10,0.925,,retrieval,suite
ProtSent-V2.5-noGOR,35M,n/a,SCOPe-40 Structural Retrieval,R@30,0.9663,,retrieval,suite
ProtSent-V2.5-noGOR,35M,n/a,SCOPe-40 Structural Retrieval,MAP,0.6528,,retrieval,suite
ESM-2 150M,150M,n/a,SCOPe-40 Structural Retrieval,R@1,0.5535,,retrieval,suite
ESM-2 150M,150M,n/a,SCOPe-40 Structural Retrieval,R@10,0.7702,,retrieval,suite
ESM-2 150M,150M,n/a,SCOPe-40 Structural Retrieval,R@30,0.8423,,retrieval,suite
ESM-2 150M,150M,n/a,SCOPe-40 Structural Retrieval,MAP,0.4236,,retrieval,suite
ProtSent-V1,150M,n/a,SCOPe-40 Structural Retrieval,R@1,0.6615,,retrieval,suite
ProtSent-V1,150M,n/a,SCOPe-40 Structural Retrieval,R@10,0.8943,,retrieval,suite
ProtSent-V1,150M,n/a,SCOPe-40 Structural Retrieval,R@30,0.9439,,retrieval,suite
ProtSent-V1,150M,n/a,SCOPe-40 Structural Retrieval,MAP,0.6431,,retrieval,suite
ProtSent-V2,150M,n/a,SCOPe-40 Structural Retrieval,R@1,0.7431,,retrieval,suite
ProtSent-V2,150M,n/a,SCOPe-40 Structural Retrieval,R@10,0.9368,,retrieval,suite
ProtSent-V2,150M,n/a,SCOPe-40 Structural Retrieval,R@30,0.9681,,retrieval,suite
ProtSent-V2,150M,n/a,SCOPe-40 Structural Retrieval,MAP,0.7046,,retrieval,suite
ProtSent-V2.5,150M,n/a,SCOPe-40 Structural Retrieval,R@1,0.7513,,retrieval,suite
ProtSent-V2.5,150M,n/a,SCOPe-40 Structural Retrieval,R@10,0.9445,,retrieval,suite
ProtSent-V2.5,150M,n/a,SCOPe-40 Structural Retrieval,R@30,0.9722,,retrieval,suite
ProtSent-V2.5,150M,n/a,SCOPe-40 Structural Retrieval,MAP,0.7227,,retrieval,suite
ESM-C 300M (uncontrolled),300M,n/a,SCOPe-40 Structural Retrieval,R@1,0.3709,,retrieval,suite
ESM-C 300M (uncontrolled),300M,n/a,SCOPe-40 Structural Retrieval,R@10,0.5794,,retrieval,suite
ESM-C 300M (uncontrolled),300M,n/a,SCOPe-40 Structural Retrieval,R@30,0.6822,,retrieval,suite
ESM-C 300M (uncontrolled),300M,n/a,SCOPe-40 Structural Retrieval,MAP,0.2212,,retrieval,suite
ISM-C 300M (uncontrolled),300M,n/a,SCOPe-40 Structural Retrieval,R@1,0.43,,retrieval,suite
ISM-C 300M (uncontrolled),300M,n/a,SCOPe-40 Structural Retrieval,R@10,0.6592,,retrieval,suite
ISM-C 300M (uncontrolled),300M,n/a,SCOPe-40 Structural Retrieval,R@30,0.7371,,retrieval,suite
ISM-C 300M (uncontrolled),300M,n/a,SCOPe-40 Structural Retrieval,MAP,0.2733,,retrieval,suite
"HMMER (phmmer, filters off)",n/a,n/a,SCOPe-40 Structural Retrieval,R@1,0.7525,,retrieval,hmmer_maxsens.json
"HMMER (phmmer, filters off)",n/a,n/a,SCOPe-40 Structural Retrieval,R@10,0.8978,,retrieval,hmmer_maxsens.json
"HMMER (phmmer, filters off)",n/a,n/a,SCOPe-40 Structural Retrieval,R@30,0.9232,,retrieval,hmmer_maxsens.json
"HMMER (phmmer, filters off)",n/a,n/a,SCOPe-40 Structural Retrieval,MAP,0.6067,,retrieval,hmmer_maxsens.json
MMseqs2 (-s 7.5),n/a,n/a,SCOPe-40 Structural Retrieval,R@1,0.6556,,retrieval,scope40_bootstrap_ci_150m.json
MMseqs2 (-s 7.5),n/a,n/a,SCOPe-40 Structural Retrieval,R@10,0.7401,,retrieval,scope40_bootstrap_ci_150m.json
MMseqs2 (-s 7.5),n/a,n/a,SCOPe-40 Structural Retrieval,R@30,0.7566,,retrieval,scope40_bootstrap_ci_150m.json
MMseqs2 (-s 7.5),n/a,n/a,SCOPe-40 Structural Retrieval,MAP,0.4098,,retrieval,scope40_bootstrap_ci_150m.json
